-- phpMyAdmin SQL Dump
-- version 5.0.4
-- https://www.phpmyadmin.net/
--
-- Host: mysql
-- Generation Time: Nov 01, 2022 at 08:05 PM
-- Server version: 10.5.8-MariaDB-1:10.5.8+maria~focal-log
-- PHP Version: 7.4.20

SET SQL_MODE = "NO_AUTO_VALUE_ON_ZERO";
START TRANSACTION;
SET time_zone = "+00:00";


/*!40101 SET @OLD_CHARACTER_SET_CLIENT=@@CHARACTER_SET_CLIENT */;
/*!40101 SET @OLD_CHARACTER_SET_RESULTS=@@CHARACTER_SET_RESULTS */;
/*!40101 SET @OLD_COLLATION_CONNECTION=@@COLLATION_CONNECTION */;
/*!40101 SET NAMES utf8mb4 */;

--
-- 
--

-- --------------------------------------------------------
CREATE DATABASE pruebaNov;

--
-- Table structure for table `city`
--
CREATE TABLE `pruebaNov`.`city` (
  `id` int(11) NOT NULL,
  `city` varchar(50) DEFAULT NULL,
  `country` varchar(50) DEFAULT NULL
) ENGINE=InnoDB DEFAULT CHARSET=utf8mb4;

--
-- Dumping data for table `city`
--

INSERT INTO `pruebaNov`.`city` (`id`, `city`, `country`) VALUES
(1, 'Sevilla', 'España'),
(2, 'Callahuanca', 'Peru'),
(3, 'Pouzauges', 'France'),
(4, 'Outjo', 'Namibia'),
(5, 'Trà My', 'Vietnam'),
(6, 'Kostrzyn nad Odrą', 'Poland'),
(7, 'Simi Valley', 'United States'),
(8, 'Tirapata', 'Peru'),
(9, 'Chenfang', 'China'),
(10, 'Krinichnaya', 'Ukraine'),
(11, 'Porto Velho', 'Brazil'),
(12, 'Tajumulco', 'Guatemala'),
(13, 'Sidaohezi', 'China'),
(14, 'Piketberg', 'South Africa'),
(15, 'Kudahuvadhoo', 'Maldives'),
(16, 'Huacachi', 'Peru'),
(17, 'Stony Plain', 'Canada'),
(18, 'Carcassonne', 'France'),
(19, 'Kijini', 'Tanzania'),
(20, 'Kamyshevatskaya', 'Russia'),
(21, 'Petrodvorets', 'Russia'),
(22, 'Bogale', 'Myanmar'),
(23, 'Watubuku', 'Indonesia'),
(24, '‘Abs', 'Yemen'),
(25, 'Gulonggang', 'China'),
(26, 'Robīt', 'Ethiopia'),
(27, 'Pingshi', 'China'),
(28, 'Capela', 'Portugal'),
(29, 'Celestynów', 'Poland'),
(30, 'Jardim da Serra', 'Portugal'),
(31, 'Ros’', 'Belarus'),
(32, 'Reading', 'United States'),
(33, 'Grimstad', 'Norway'),
(34, 'Rancapare', 'Indonesia'),
(35, 'Konga', 'Indonesia'),
(36, 'Tomilino', 'Russia'),
(37, 'Beizi', 'China'),
(38, 'Chenfang', 'China'),
(39, 'Okulovka', 'Russia'),
(40, 'München', 'Germany'),
(41, 'Itaboraí', 'Brazil'),
(42, 'Lyon', 'France'),
(43, 'Song', 'Thailand'),
(44, 'Newport Beach', 'United States'),
(45, 'Esparza', 'Costa Rica'),
(46, 'Dongjie', 'China'),
(47, 'Haokou', 'China'),
(48, 'Santa Fe', 'United States'),
(49, 'Horki', 'Belarus'),
(50, 'Stung Treng', 'Cambodia'),
(51, 'Catumbela', 'Angola'),
(52, 'Cidikit Girang', 'Indonesia'),
(53, 'Caocun', 'China'),
(54, 'Matadi', 'Democratic Republic of the Congo'),
(55, 'Fuxi', 'China'),
(56, 'Tembang', 'Indonesia'),
(57, 'Icheon-si', 'South Korea'),
(58, 'Itabirito', 'Brazil'),
(59, 'Ginowan', 'Japan'),
(60, 'Catache', 'Peru'),
(61, 'Valbo', 'Sweden'),
(62, 'Bugko', 'Philippines'),
(63, 'Ambarawa', 'Indonesia'),
(64, 'Lesozavodsk', 'Russia'),
(65, 'Pataha', 'Indonesia'),
(66, 'Klimontów', 'Poland'),
(67, 'Ust’-Koksa', 'Russia'),
(68, 'Suqiaoxiang', 'China'),
(69, 'Sława', 'Poland'),
(70, 'Xiasi', 'China'),
(71, 'Nová Paka', 'Czech Republic'),
(72, 'Zásmuky', 'Czech Republic'),
(73, 'Darband', 'Tajikistan'),
(74, 'Landim', 'Portugal'),
(75, 'Tenkodogo', 'Burkina Faso'),
(76, 'Martil', 'Morocco'),
(77, 'Vlasenica', 'Bosnia and Herzegovina'),
(78, 'Dolna Banjica', 'Macedonia'),
(79, 'Krasnyy Luch', 'Ukraine'),
(80, 'Góra', 'Poland'),
(81, 'Liushun', 'China'),
(82, 'Pervomayskoye', 'Russia'),
(83, 'Daxing', 'China'),
(84, 'Meniko', 'Cyprus'),
(85, 'Beiping', 'China'),
(86, 'Zhongxing', 'China'),
(87, 'Saint Lucia', 'Malta'),
(88, 'Kut Chap', 'Thailand'),
(89, 'Welchman Hall', 'Barbados'),
(90, 'Peranap', 'Indonesia'),
(91, 'Gradec', 'Macedonia'),
(92, 'Sundbyberg', 'Sweden'),
(93, 'Zhaoyuan', 'China'),
(94, 'Bisert’', 'Russia'),
(95, 'Merrifield', 'United States'),
(96, 'Tours', 'France'),
(97, 'Cayenne', 'French Guiana'),
(98, 'Bodiosa a Velha', 'Portugal'),
(99, 'Cayenne', 'French Guiana'),
(100, 'Kupu', 'China'),
(101, 'Ongkharak', 'Thailand'),
(102, 'La Paz', 'Philippines'),
(103, 'Little Rock', 'United States'),
(104, 'Roches Noire', 'Mauritius'),
(105, 'Sadar', 'Indonesia'),
(106, 'Gandrungmangu', 'Indonesia'),
(107, 'Salanegara', 'Indonesia'),
(108, 'Hamburg', 'Germany'),
(109, 'Bao’an', 'China'),
(110, 'Xiaheqing', 'China'),
(111, 'Ingersoll', 'Canada'),
(112, 'Benoy', 'Chad'),
(113, 'Pushkinskiye Gory', 'Russia'),
(114, 'Lumatil', 'Philippines'),
(115, 'Doumen', 'China'),
(116, 'Cibungur', 'Indonesia'),
(117, 'Makar’yev', 'Russia'),
(118, 'Kompóti', 'Greece'),
(119, 'Orodo', 'Nigeria'),
(120, 'Obas', 'Peru'),
(121, 'Saint Petersburg', 'United States'),
(122, 'Walahir', 'Indonesia'),
(123, 'Amashca', 'Peru'),
(124, 'Garupá', 'Argentina'),
(125, 'Hyltebruk', 'Sweden'),
(126, 'Kalávryta', 'Greece'),
(127, 'La Libertad', 'Nicaragua'),
(128, 'Lipno', 'Poland'),
(129, 'Okhansk', 'Russia'),
(130, 'Mailsi', 'Pakistan'),
(131, 'Moca', 'Dominican Republic'),
(132, 'Yenangyaung', 'Myanmar'),
(133, 'Longshan', 'China'),
(134, 'Karajeun', 'Indonesia'),
(135, 'Rakitnoye', 'Russia'),
(136, 'Tiébo', 'Senegal'),
(137, 'Xiping', 'China'),
(138, 'Ayní', 'Tajikistan'),
(139, 'Dancheng', 'China'),
(140, 'Stara Błotnica', 'Poland'),
(141, 'Łysomice', 'Poland'),
(142, 'Oss', 'Netherlands'),
(143, 'Brochów', 'Poland'),
(144, 'Lichengdao', 'China'),
(145, 'Daejeon', 'South Korea'),
(146, 'Jiaqiao', 'China'),
(147, 'Cachí', 'Argentina'),
(148, 'Smolenskoye', 'Russia'),
(149, 'Lamoso', 'Portugal'),
(150, 'Tatou', 'China'),
(151, 'Sabang', 'Philippines'),
(152, 'Plan de Ayala', 'Mexico'),
(153, 'Amparafaravola', 'Madagascar'),
(154, 'San Miguel', 'Mexico'),
(155, 'Savalou', 'Benin'),
(156, 'Meicheng', 'China'),
(157, 'Al Khawkhah', 'Yemen'),
(158, 'Decatur', 'United States'),
(159, 'Cirangrang', 'Indonesia'),
(160, 'Jatiklampok', 'Indonesia'),
(161, 'Klimovsk', 'Russia'),
(162, 'Livorno', 'Italy'),
(163, 'Glugur Krajan', 'Indonesia'),
(164, 'Thị Trấn Bình Mỹ', 'Vietnam'),
(165, 'Vegreville', 'Canada'),
(166, 'Sosnytsya', 'Ukraine'),
(167, 'Gaiyang', 'China'),
(168, 'Kola', 'Russia'),
(169, 'Remscheid', 'Germany'),
(170, 'Jiaozhou', 'China'),
(171, 'Lençóis Paulista', 'Brazil'),
(172, 'Bang Len', 'Thailand'),
(173, 'Tongle', 'China'),
(174, 'Barguzin', 'Russia'),
(175, 'Stockholm', 'Sweden'),
(176, 'Sunne', 'Sweden'),
(177, 'Kremenki', 'Russia'),
(178, 'Shankeng', 'China'),
(179, 'Tangkil', 'Indonesia'),
(180, 'Bojonggenteng', 'Indonesia'),
(181, 'Dawusu', 'China'),
(182, 'Gempol', 'Indonesia'),
(183, 'Zomba', 'Malawi'),
(184, 'Tomislavgrad', 'Bosnia and Herzegovina'),
(185, 'Tungi', 'Bangladesh'),
(186, 'Dongshe', 'China'),
(187, 'Fovissste', 'Mexico'),
(188, 'Wawa', 'Nigeria'),
(189, 'Bakhmach', 'Ukraine'),
(190, 'Mersa Matruh', 'Egypt'),
(191, 'Aiguo', 'China'),
(192, 'Tunggulsari', 'Indonesia'),
(193, 'San Juan Ixcoy', 'Guatemala'),
(194, 'Jinhua', 'China'),
(195, 'Sorang', 'Kazakhstan'),
(196, 'Prakhon Chai', 'Thailand'),
(197, 'Selizharovo', 'Russia'),
(198, 'Khairiahmandah', 'Indonesia'),
(199, 'Piketberg', 'South Africa'),
(200, 'Wushan', 'China'),
(201, 'Mayantoc', 'Philippines'),
(202, 'Sułkowice', 'Poland'),
(203, 'Charat', 'Peru'),
(204, 'København', 'Denmark'),
(205, 'Qiligang', 'China'),
(206, 'Belfort', 'France'),
(207, 'Gamay', 'Philippines'),
(208, 'Desa Margaluyu', 'Indonesia'),
(209, 'Vostochnyy', 'Russia'),
(210, 'Pyatovskiy', 'Russia'),
(211, 'Don Mueang', 'Thailand'),
(212, 'Puerto Varas', 'Chile'),
(213, 'Brusartsi', 'Bulgaria'),
(214, 'Miandrarivo', 'Madagascar'),
(215, 'Xichehe', 'China'),
(216, 'Kōnan', 'Japan'),
(217, 'Mogi Mirim', 'Brazil'),
(218, 'Los Angeles', 'United States'),
(219, 'Foúrnoi', 'Greece'),
(220, 'New York City', 'United States'),
(221, 'Delta del Tigre', 'Uruguay'),
(222, 'Cañada de Gómez', 'Argentina'),
(223, 'Belén', 'Paraguay'),
(224, 'Aipe', 'Colombia'),
(225, 'Tinambac', 'Philippines'),
(226, 'Reno', 'United States'),
(227, 'Abangay', 'Philippines'),
(228, 'San Vicente Pacaya', 'Guatemala'),
(229, 'Anserma', 'Colombia'),
(230, 'Campelos', 'Portugal'),
(231, 'Jipijapa', 'Ecuador'),
(232, 'Alastaro', 'Finland'),
(233, 'Suphan Buri', 'Thailand'),
(234, 'Gutian', 'China'),
(235, 'Cape Town', 'South Africa'),
(236, 'Xiejia', 'China'),
(237, 'Qijiang', 'China'),
(238, 'Aquiraz', 'Brazil'),
(239, 'Blizne', 'Poland'),
(240, 'Yangkang', 'China'),
(241, 'Austin', 'United States'),
(242, 'Yangjiao', 'China'),
(243, 'Luqa', 'Malta'),
(244, 'Balesari', 'Indonesia'),
(245, 'Portachuelo', 'Bolivia'),
(246, 'George Hill', 'Anguilla'),
(247, 'Baculongan', 'Philippines'),
(248, 'Changchi', 'China'),
(249, 'Ngrowo', 'Indonesia'),
(250, 'Repelón', 'Colombia'),
(251, 'Damiku', 'China'),
(252, 'Tanahwurung', 'Indonesia'),
(253, 'Santo Tomas', 'Philippines'),
(254, 'Gucheng', 'China'),
(255, 'As Sālimīyah', 'Kuwait'),
(256, 'Söderhamn', 'Sweden'),
(257, 'Frederiksberg', 'Denmark'),
(258, 'Yanda Bayo', 'Nigeria'),
(259, 'Okhansk', 'Russia'),
(260, 'Mityana', 'Uganda'),
(261, 'Daoukro', 'Ivory Coast'),
(262, 'Pining', 'Indonesia'),
(263, 'Perugia', 'Italy'),
(264, 'Taoyuan', 'China'),
(265, 'Thạnh Mỹ', 'Vietnam'),
(266, 'Bakaran Kulon', 'Indonesia'),
(267, 'Tarakan', 'Indonesia'),
(268, 'Wan’an', 'China'),
(269, 'Passagem', 'Portugal'),
(270, 'Hexi', 'China'),
(271, 'Nardaran', 'Azerbaijan'),
(272, 'Kariaí', 'Greece'),
(273, 'Zheleznogorsk-Ilimskiy', 'Russia'),
(274, 'Al Miqdādīyah', 'Iraq'),
(275, 'Yujia', 'China'),
(276, 'Gongnong', 'China'),
(277, 'Jing’an', 'China'),
(278, 'Ngantru', 'Indonesia'),
(279, 'Sagua de Tánamo', 'Cuba'),
(280, 'Namora', 'Peru'),
(281, 'Głogów Małopolski', 'Poland'),
(282, 'Ananea', 'Peru'),
(283, 'Rochester', 'United States'),
(284, 'Canjulao', 'Philippines'),
(285, 'Santa Tecla', 'El Salvador'),
(286, 'Dayr Abū Ḑa‘īf', 'Palestinian Territory'),
(287, 'Taraban Timur', 'Indonesia'),
(288, 'Calçada', 'Portugal'),
(289, 'Safara', 'Portugal'),
(290, 'Patos de Minas', 'Brazil'),
(291, 'Panggulan', 'Indonesia'),
(292, 'Cipadung', 'Indonesia'),
(293, 'Pandakan', 'Philippines'),
(294, 'Gangkou', 'China'),
(295, 'Perené', 'Peru'),
(296, 'Ozherel’ye', 'Russia'),
(297, 'Ngrayun', 'Indonesia'),
(298, 'Olympia', 'United States'),
(299, 'Yangmingbu', 'China'),
(300, 'Göteborg', 'Sweden'),
(301, 'Qaraçuxur', 'Azerbaijan'),
(302, 'Dongjin', 'China'),
(303, 'Kibara', 'Tanzania'),
(304, 'Huanggang', 'China'),
(305, 'Tymoshivka', 'Ukraine'),
(306, 'Balkh', 'Afghanistan'),
(307, 'Cabog', 'Philippines'),
(308, 'Pashiya', 'Russia'),
(309, 'Abéché', 'Chad'),
(310, 'Niedźwiedź', 'Poland'),
(311, 'Weiyuan', 'China'),
(312, 'Sebedo', 'Indonesia'),
(313, 'Soa', 'Indonesia'),
(314, 'Santa Elena', 'Ecuador'),
(315, 'Jindřichov', 'Czech Republic'),
(316, 'Eloy Alfaro', 'Ecuador'),
(317, 'Luotang', 'China'),
(318, 'Solina', 'Bosnia and Herzegovina'),
(319, 'Wahang Dua', 'Indonesia'),
(320, 'Terara', 'Indonesia'),
(321, 'Chaparral', 'Colombia'),
(322, 'Hengjie', 'China'),
(323, 'Saint-Quentin-en-Yvelines', 'France'),
(324, 'Salaspils', 'Latvia'),
(325, 'Vorzel’', 'Ukraine'),
(326, 'Savran’', 'Ukraine'),
(327, 'Suqu', 'China'),
(328, 'Columbia', 'United States'),
(329, 'Yong’an', 'China'),
(330, 'Jangdam', 'China'),
(331, 'Az Zawr', 'Kuwait'),
(332, 'Stony Hill', 'Jamaica'),
(333, 'Marília', 'Brazil'),
(334, 'Muruy', 'Indonesia'),
(335, 'Ilandža', 'Serbia'),
(336, 'Boca de Uchire', 'Venezuela'),
(337, 'Sunnyvale', 'United States'),
(338, 'Ḩawsh ‘Īsá', 'Egypt'),
(339, 'Qianshan', 'China'),
(340, 'Cevicos', 'Dominican Republic'),
(341, 'Nieborów', 'Poland'),
(342, 'Villa Concepción del Tío', 'Argentina'),
(343, 'Vidnoye', 'Russia'),
(344, 'Cherkasskoye', 'Russia'),
(345, 'Thị Trấn Nước Hai', 'Vietnam'),
(346, 'Zhangjiayuan', 'China'),
(347, 'Karangturi', 'Indonesia'),
(348, 'Matsutō', 'Japan'),
(349, 'Shireet', 'Mongolia'),
(350, 'Metković', 'Croatia'),
(351, 'Anle', 'China'),
(352, 'Trondheim', 'Norway'),
(353, 'Termas de Río Hondo', 'Argentina'),
(354, 'Angoulême', 'France'),
(355, 'Kombandaru', 'Indonesia'),
(356, 'Darnah', 'Libya'),
(357, 'Liuhuang', 'China'),
(358, 'Guojia', 'China'),
(359, 'Balongmulyo', 'Indonesia'),
(360, 'Dongming', 'China'),
(361, 'Yelat’ma', 'Russia'),
(362, 'Lethbridge', 'Canada'),
(363, 'Huangpi', 'China'),
(364, 'Fukuyama', 'Japan'),
(365, 'Wulan Haye', 'China'),
(366, 'Kalatongke', 'China'),
(367, 'Banjar Ponggang', 'Indonesia'),
(368, 'Pinoma', 'Philippines'),
(369, 'Ennery', 'Haiti'),
(370, 'Popayán', 'Colombia'),
(371, 'Dawan', 'Indonesia'),
(372, 'Yanjiao', 'China'),
(373, 'Wachira Barami', 'Thailand'),
(374, 'Champerico', 'Guatemala'),
(375, 'Rio de Janeiro', 'Brazil'),
(376, 'Banag', 'Philippines'),
(377, 'Lunec', 'Philippines'),
(378, 'Ormož', 'Slovenia'),
(379, 'Dīla', 'Ethiopia'),
(380, 'Ugba', 'Nigeria'),
(381, 'Vilar do Pinheiro', 'Portugal'),
(382, 'Yuxin', 'China'),
(383, 'Cafe', 'Philippines'),
(384, 'Reckange-sur-Mess', 'Luxembourg'),
(385, 'Bamenda', 'Cameroon'),
(386, 'Ōme', 'Japan'),
(387, 'Karangasem', 'Indonesia'),
(388, 'Biwer', 'Luxembourg'),
(389, 'Venda', 'Portugal'),
(390, 'Usulután', 'El Salvador'),
(391, 'Xilin Hot', 'China'),
(392, 'Carcassonne', 'France'),
(393, 'Ush-Tyube', 'Kazakhstan'),
(394, 'Umm Şalāl ‘Alī', 'Qatar'),
(395, 'Rado', 'Indonesia'),
(396, 'Le Perreux-sur-Marne', 'France'),
(397, 'Mulhouse', 'France'),
(398, 'Arzakan', 'Armenia'),
(399, 'Baiima', 'Sierra Leone'),
(400, 'Cañete', 'Chile'),
(401, 'Qingyun', 'China'),
(402, 'Maria Cristina', 'Philippines'),
(403, 'Pateros', 'Philippines'),
(404, 'Petrovsk', 'Russia'),
(405, 'Laowobao', 'China'),
(406, 'Palmas De Gran Canaria, Las', 'Spain'),
(407, 'Zielona Góra', 'Poland'),
(408, 'Kinatakutan', 'Philippines'),
(409, 'Banatsko Karađorđevo', 'Serbia'),
(410, 'Raškovice', 'Czech Republic'),
(411, 'Flin Flon', 'Canada'),
(412, 'Linxi', 'China'),
(413, 'Thị Trấn Hát Lót', 'Vietnam'),
(414, 'La Molina', 'Peru'),
(415, 'Contraalmirante Cordero', 'Argentina'),
(416, 'Futuroscope', 'France'),
(417, 'Kabalen', 'Philippines'),
(418, 'Peterhof', 'Russia'),
(419, 'Kyriáki', 'Greece'),
(420, 'Khān Shaykhūn', 'Syria'),
(421, 'Salinópolis', 'Brazil'),
(422, 'Batiovo', 'Ukraine'),
(423, 'Velyki Sorochyntsi', 'Ukraine'),
(424, 'Pueblo Nuevo', 'Peru'),
(425, 'Tianmuhu', 'China'),
(426, 'Jandayan', 'Philippines'),
(427, 'Lyon', 'France'),
(428, 'Sai', 'Indonesia'),
(429, 'Linquan', 'China'),
(430, 'Balingueo', 'Philippines'),
(431, 'Petropavlivka', 'Ukraine'),
(432, 'Mineralni Bani', 'Bulgaria'),
(433, 'Banjar Bali', 'Indonesia'),
(434, 'Tamano', 'Japan'),
(435, 'Gwaram', 'Nigeria'),
(436, 'Praia Grande', 'Brazil'),
(437, 'Addis Ababa', 'Ethiopia'),
(438, 'Bronx', 'United States'),
(439, 'Kukushtan', 'Russia'),
(440, 'Titay', 'Philippines'),
(441, 'Sykiés', 'Greece'),
(442, 'Urzuf', 'Ukraine'),
(443, 'Karangturi', 'Indonesia'),
(444, 'Balfour', 'South Africa'),
(445, 'San Agustin', 'Mexico'),
(446, 'Vale Boeiro', 'Portugal'),
(447, 'Berlin', 'Germany'),
(448, 'Rakiv Lis', 'Ukraine'),
(449, 'Hongguang', 'China'),
(450, 'Shuiyang', 'China'),
(451, 'Baizhu', 'China'),
(452, 'Quận Phú Nhuận', 'Vietnam'),
(453, 'Ushiku', 'Japan'),
(454, 'Shaochang', 'China'),
(455, 'Corinto', 'Colombia'),
(456, 'Lanyang', 'China'),
(457, 'Kengyuan', 'China'),
(458, 'San Luis', 'Colombia'),
(459, 'Biasong', 'Philippines'),
(460, 'Luozhou', 'China'),
(461, 'Yamada', 'Japan'),
(462, 'Larvik', 'Norway'),
(463, 'Chimtāl', 'Afghanistan'),
(464, 'Amarillo', 'United States'),
(465, 'Rancakole', 'Indonesia'),
(466, 'Jedlnia-Letnisko', 'Poland'),
(467, 'Jiuhu', 'China'),
(468, 'Vũng Tàu', 'Vietnam'),
(469, 'Xingou', 'China'),
(470, 'Novotroitsk', 'Russia'),
(471, 'Trieste', 'Italy'),
(472, 'Ressano Garcia', 'Mozambique'),
(473, 'Al Khārijah', 'Egypt'),
(474, 'Kista', 'Sweden'),
(475, 'Starobin', 'Belarus'),
(476, 'Luau', 'Angola'),
(477, 'Chernelytsya', 'Ukraine'),
(478, 'Jiumen', 'China'),
(479, 'Nizui', 'China'),
(480, 'Chang Klang', 'Thailand'),
(481, 'Maticmatic', 'Philippines'),
(482, 'Lagos', 'Nigeria'),
(483, 'Hongyansi', 'China'),
(484, 'Ush-Tyube', 'Kazakhstan'),
(485, 'Viļaka', 'Latvia'),
(486, 'Borik', 'Indonesia'),
(487, 'Shah Alam', 'Malaysia'),
(488, 'Cibanten', 'Indonesia'),
(489, 'Igir-igir', 'Indonesia'),
(490, 'Samut Songkhram', 'Thailand'),
(491, 'South River', 'Canada'),
(492, 'Visim', 'Russia'),
(493, 'Cangqian', 'China'),
(494, 'Wangshi', 'China'),
(495, 'Maputsoe', 'Lesotho'),
(496, 'Phultala', 'Bangladesh'),
(497, 'Dazhigu', 'China'),
(498, 'Bang Krathum', 'Thailand'),
(499, 'Paris 13', 'France'),
(500, 'Horten', 'Norway'),
(501, 'Pantanal', 'Brazil'),
(502, 'Coulommiers', 'France'),
(503, 'Pangansalan', 'Indonesia'),
(504, 'Kumagunnam', 'Nigeria'),
(505, 'Danxi', 'China'),
(506, 'Jiang’an', 'China'),
(507, 'São Torcato', 'Portugal'),
(508, 'Medveđa', 'Serbia'),
(509, 'Miłakowo', 'Poland'),
(510, 'Zhangcheng', 'China'),
(511, 'Tupiza', 'Bolivia'),
(512, 'Nanwai', 'China'),
(513, 'Rouen', 'France'),
(514, 'Évry', 'France'),
(515, 'Cayara', 'Peru'),
(516, 'Shaliu', 'China'),
(517, 'Legok', 'Indonesia'),
(518, 'San Rafael Arriba', 'Costa Rica'),
(519, 'Cognac', 'France'),
(520, 'Gominhães', 'Portugal'),
(521, 'Ambilobe', 'Madagascar'),
(522, 'Cidolog', 'Indonesia'),
(523, 'Tegalloa', 'Indonesia'),
(524, 'Mizque', 'Bolivia'),
(525, 'Pentaplátano', 'Greece'),
(526, 'Depapre', 'Indonesia'),
(527, 'Kandun', 'China'),
(528, 'Viale', 'Argentina'),
(529, 'Nierumai', 'China'),
(530, 'Baltimore', 'United States'),
(531, 'Shensuo', 'China'),
(532, 'Le Mans', 'France'),
(533, 'Hetang', 'China'),
(534, 'Nong Hi', 'Thailand'),
(535, 'Ketapang', 'Indonesia'),
(536, 'Karangsari', 'Indonesia'),
(537, 'Nasielsk', 'Poland'),
(538, 'Wanfang', 'China'),
(539, 'Bitam', 'Gabon'),
(540, 'Saint-Herblain', 'France'),
(541, 'Mityana', 'Uganda'),
(542, 'Capilla del Monte', 'Argentina'),
(543, 'Kolonnawa', 'Sri Lanka'),
(544, 'Walferdange', 'Luxembourg'),
(545, 'Kattaqo’rg’on', 'Uzbekistan'),
(546, 'Okhtyrka', 'Ukraine'),
(547, 'Paraíso de Chabasquén', 'Venezuela'),
(548, 'Aserrío de Gariché', 'Panama'),
(549, 'Jesenice', 'Czech Republic'),
(550, 'Cungkal', 'Indonesia'),
(551, 'Kalān Deh', 'Afghanistan'),
(552, 'Prosperidad', 'Philippines'),
(553, 'Arauco', 'Chile'),
(554, 'Pantang', 'China'),
(555, 'Anserma', 'Colombia'),
(556, 'São Carlos', 'Brazil'),
(557, 'Hujigou', 'China'),
(558, 'Bayan Uula Sumu', 'Mongolia'),
(559, 'Plérin', 'France'),
(560, 'Villeneuve-d\'Ascq', 'France'),
(561, 'Huacheng', 'China'),
(562, 'Svilajnac', 'Serbia'),
(563, 'Stockholm', 'Sweden'),
(564, 'Niort', 'France'),
(565, 'Bronx', 'United States'),
(566, 'Zhaobaoshan', 'China'),
(567, 'Herīs', 'Iran'),
(568, 'Sandaoba', 'China'),
(569, 'Těšetice', 'Czech Republic'),
(570, 'Goris', 'Armenia'),
(571, 'Nisporeni', 'Moldova'),
(572, 'Tyszowce', 'Poland'),
(573, 'Al Qiţena', 'Sudan'),
(574, 'Lamía', 'Greece'),
(575, 'Irákleia', 'Greece'),
(576, 'Niaohe', 'China'),
(577, 'Carenang Lor', 'Indonesia'),
(578, 'Bystřice nad Pernštejnem', 'Czech Republic'),
(579, 'Olszówka', 'Poland'),
(580, 'Suwalan', 'Indonesia'),
(581, 'Tawala', 'Philippines'),
(582, 'Wolomoni', 'Indonesia'),
(583, 'Paujiles', 'Honduras'),
(584, 'Krajan Timur Suger Kidul', 'Indonesia'),
(585, 'Stakhanov', 'Ukraine'),
(586, 'Nglego', 'Indonesia'),
(587, 'Kibuku', 'Uganda'),
(588, 'Baizhu', 'China'),
(589, 'Babakanjaya', 'Indonesia'),
(590, 'Namangan Shahri', 'Uzbekistan'),
(591, 'Naguilian', 'Philippines'),
(592, 'Ipoh', 'Malaysia'),
(593, 'Lagoa', 'Portugal'),
(594, 'Huilong', 'China'),
(595, 'Amieira', 'Portugal'),
(596, 'Ciperang', 'Indonesia'),
(597, 'Pretoria', 'South Africa'),
(598, 'Łużna', 'Poland'),
(599, 'Puerto Deseado', 'Argentina'),
(600, 'Embalse', 'Argentina'),
(601, 'Watuka', 'Indonesia'),
(602, 'Kipen’', 'Russia'),
(603, 'Rato', 'Indonesia'),
(604, 'Las Carreras', 'Bolivia'),
(605, 'Yangcun', 'China'),
(606, 'Javhlant', 'Mongolia'),
(607, 'Khorosheve', 'Ukraine'),
(608, 'Červené Pečky', 'Czech Republic'),
(609, 'Issoudun', 'France'),
(610, 'Safonovo', 'Russia'),
(611, 'Pregradnoye', 'Russia'),
(612, 'Lop', 'China'),
(613, 'Lebedyn', 'Ukraine'),
(614, 'Demerval Lobão', 'Brazil'),
(615, 'Brześć Kujawski', 'Poland'),
(616, 'Baku', 'Azerbaijan'),
(617, 'Koanara', 'Indonesia'),
(618, 'Vom', 'Nigeria'),
(619, 'Bandeirantes', 'Brazil'),
(620, 'San', 'Mali'),
(621, 'Calubcub Dos', 'Philippines'),
(622, 'Farsta', 'Sweden'),
(623, 'Honolulu', 'United States'),
(624, 'Valday', 'Russia'),
(625, 'Pivovarikha', 'Russia'),
(626, 'Golek', 'Indonesia'),
(627, 'Floreşti', 'Moldova'),
(628, 'Tengah', 'Indonesia'),
(629, 'Llano de Piedra', 'Panama'),
(630, 'Cascais', 'Portugal'),
(631, 'Kebunkelapa', 'Indonesia'),
(632, 'Hexi', 'China'),
(633, 'Labuhanlalar', 'Indonesia'),
(634, 'Dardhas', 'Albania'),
(635, 'Zhongzuiling', 'China'),
(636, 'Pirca', 'Peru'),
(637, 'Arraial do Cabo', 'Brazil'),
(638, 'Bugo', 'Philippines'),
(639, 'Kabale', 'Uganda'),
(640, 'Frösön', 'Sweden'),
(641, 'Deauville', 'France'),
(642, 'Ribeira Grande', 'Cape Verde'),
(643, 'Varkaus', 'Finland'),
(644, 'Gereneng', 'Indonesia'),
(645, 'Newtown', 'United Kingdom'),
(646, 'Nglego', 'Indonesia'),
(647, 'Niedrzwica Duża', 'Poland'),
(648, 'San Clemente', 'Peru'),
(649, 'Azteca', 'Mexico'),
(650, 'Kinamayan', 'Philippines'),
(651, 'Kävlinge', 'Sweden'),
(652, 'San Agustin', 'Peru'),
(653, 'Leigao', 'China'),
(654, 'Ust’-Labinsk', 'Russia'),
(655, 'Cigebrok', 'Indonesia'),
(656, 'Bazzāryah', 'Palestinian Territory'),
(657, 'Great Neck', 'United States'),
(658, 'Grzechynia', 'Poland'),
(659, 'Świdnica', 'Poland'),
(660, 'Burgastai', 'China'),
(661, 'Pakemitan', 'Indonesia'),
(662, 'Butterworth', 'Malaysia'),
(663, 'Borowno', 'Poland'),
(664, 'Le Teil', 'France'),
(665, 'Dugu', 'China'),
(666, 'Qui Nhon', 'Vietnam'),
(667, 'Mulhouse', 'France'),
(668, 'Chrzanów', 'Poland'),
(669, 'Cervantes', 'Philippines'),
(670, 'Zhanjia', 'China'),
(671, 'Butiá', 'Brazil'),
(672, 'Aristóbulo del Valle', 'Argentina'),
(673, 'Huangshui', 'China'),
(674, 'Cigebrok', 'Indonesia'),
(675, 'Sakaidechō', 'Japan'),
(676, '‘Izrā', 'Jordan'),
(677, 'Monasterevin', 'Ireland'),
(678, 'Tanjung Raja', 'Indonesia'),
(679, 'Voskresenskoye', 'Russia'),
(680, 'Paris 11', 'France'),
(681, 'Filabusi', 'Zimbabwe'),
(682, 'San Isidro', 'Philippines'),
(683, 'Tournan-en-Brie', 'France'),
(684, 'San Roque', 'Philippines'),
(685, 'Pyrgetós', 'Greece'),
(686, 'Yulin', 'China'),
(687, 'Wierzawice', 'Poland'),
(688, 'Comagascas', 'Philippines'),
(689, 'Liangshan', 'China'),
(690, 'Lewo', 'Indonesia'),
(691, 'Manga', 'Burkina Faso'),
(692, 'Timaru', 'New Zealand'),
(693, 'Amos', 'Canada'),
(694, 'Kabarnet', 'Kenya'),
(695, 'Tippi', 'Ethiopia'),
(696, 'Tenkodogo', 'Burkina Faso'),
(697, 'Mboto', 'Indonesia'),
(698, 'Maomiaoji', 'China'),
(699, 'Nanshi', 'China'),
(700, 'Poyang', 'China'),
(701, 'Ashbourne', 'Ireland'),
(702, 'Dawa-Dawa', 'Philippines'),
(703, 'Xylókastro', 'Greece'),
(704, 'Khamis Mushait', 'Saudi Arabia'),
(705, 'Guansheng', 'China'),
(706, 'Rattanaburi', 'Thailand'),
(707, 'Talca', 'Chile'),
(708, 'Jabon', 'Indonesia'),
(709, 'Souto do Meio', 'Portugal'),
(710, 'Amashca', 'Peru'),
(711, 'Portumna', 'Ireland'),
(712, 'Myślenice', 'Poland'),
(713, 'Talun', 'Indonesia'),
(714, 'Tiarei', 'French Polynesia'),
(715, 'Inglewood', 'United States'),
(716, 'Encrucijada', 'Cuba'),
(717, 'Nowe Miasto nad Pilicą', 'Poland'),
(718, 'Ngujung', 'Indonesia'),
(719, 'Vishnyakovskiye Dachi', 'Russia'),
(720, 'Debar', 'Macedonia'),
(721, 'Pakis', 'Indonesia'),
(722, 'Bang Bo', 'Thailand'),
(723, 'Sucun', 'China'),
(724, 'Bambanglipuro', 'Indonesia'),
(725, 'Zvezdara', 'Serbia'),
(726, 'Vorzel’', 'Ukraine'),
(727, 'Nandasmo', 'Nicaragua'),
(728, 'Dordrecht', 'Netherlands'),
(729, 'Metković', 'Croatia'),
(730, 'Mersa Matruh', 'Egypt'),
(731, 'Akat Amnuai', 'Thailand'),
(732, 'Xiawuqi', 'China'),
(733, 'Savigny-le-Temple', 'France'),
(734, 'Sumberpucung', 'Indonesia'),
(735, 'Kudus', 'Indonesia'),
(736, 'Haghartsin', 'Armenia'),
(737, 'Kruševac', 'Serbia'),
(738, 'Porto Salvo', 'Portugal'),
(739, 'Jetis', 'Indonesia'),
(740, 'Xiejiatan', 'China'),
(741, 'Chavães', 'Portugal'),
(742, 'Paleran', 'Indonesia'),
(743, '‘Alāqahdārī Gēlān', 'Afghanistan'),
(744, 'Kurba', 'Russia'),
(745, 'Minas de Oro', 'Honduras'),
(746, 'Hengelo', 'Netherlands'),
(747, 'Laban', 'Indonesia'),
(748, 'Cachoeira do Sul', 'Brazil'),
(749, 'Koten', 'Indonesia'),
(750, 'Särö', 'Sweden'),
(751, 'Hīt', 'Iraq'),
(752, 'Pamplona', 'Colombia'),
(753, 'Bi’r al Ḩufayy', 'Tunisia'),
(754, 'Sambong', 'Indonesia'),
(755, 'Namibe', 'Angola'),
(756, 'Taklale', 'Indonesia'),
(757, 'Siaton', 'Philippines'),
(758, 'Carpina', 'Brazil'),
(759, 'Funchal', 'Portugal'),
(760, 'Untolovo', 'Russia'),
(761, 'Lianzhou', 'China'),
(762, 'Bhamo', 'Myanmar'),
(763, 'Chelopech', 'Bulgaria'),
(764, 'Silihe', 'China'),
(765, 'Cheongsong gun', 'South Korea'),
(766, 'Dongwan', 'China'),
(767, 'Jiaxian Chengguanzhen', 'China'),
(768, 'Montes', 'Portugal'),
(769, 'Liangguang', 'China'),
(770, 'Bolengpulau', 'Indonesia'),
(771, 'Prantaan', 'Indonesia'),
(772, 'Huayang', 'China'),
(773, 'Bazi', 'China'),
(774, 'Guatire', 'Venezuela'),
(775, 'Yamethin', 'Myanmar'),
(776, 'Panalingaan', 'Philippines'),
(777, 'Kyosai', 'South Korea'),
(778, 'Chotepe', 'Honduras'),
(779, 'Pasirhuni', 'Indonesia'),
(780, 'Fenshui', 'China'),
(781, 'Pasauran', 'Indonesia'),
(782, 'Chelles', 'France'),
(783, 'Lingbei', 'China'),
(784, 'Valinhos', 'Portugal'),
(785, 'Bratislava', 'Slovakia'),
(786, 'Chenhu', 'China'),
(787, 'Manganitu', 'Indonesia'),
(788, 'Viseu', 'Brazil'),
(789, 'Řečany nad Labem', 'Czech Republic'),
(790, 'Tengqiao', 'China'),
(791, 'Lamam', 'Laos'),
(792, 'Hallstahammar', 'Sweden'),
(793, 'Lukovë', 'Albania'),
(794, 'Belopa', 'Indonesia'),
(795, 'Vrbovec', 'Croatia'),
(796, 'San Juan', 'Philippines'),
(797, 'Cidade Velha', 'Cape Verde'),
(798, 'Rogowo', 'Poland'),
(799, 'Неготино', 'Macedonia'),
(800, 'Cubará', 'Colombia'),
(801, 'Fatou', 'China'),
(802, 'Jiulong', 'China'),
(803, 'Marseille', 'France'),
(804, 'Shanxiahu', 'China'),
(805, 'Udënisht', 'Albania'),
(806, 'San Matías', 'Bolivia'),
(807, 'Pargas', 'Finland'),
(808, 'Dalgān', 'Iran'),
(809, 'Delmiro Gouveia', 'Brazil'),
(810, 'Korotych', 'Ukraine'),
(811, 'Nariño', 'Colombia'),
(812, 'Divichibazar', 'Azerbaijan'),
(813, 'Pizhanka', 'Russia'),
(814, 'Shuangwang', 'China'),
(815, 'Cemara', 'Indonesia'),
(816, 'Xinshao', 'China'),
(817, 'Bururi', 'Burundi'),
(818, 'Youdian', 'China'),
(819, 'Kedawung', 'Indonesia'),
(820, 'Palmas', 'Brazil'),
(821, 'Krajan Pocangan', 'Indonesia'),
(822, 'Santa Cristina Couto', 'Portugal'),
(823, 'Shazhuang', 'China'),
(824, 'Mizhou', 'China'),
(825, 'Kuala Lumpur', 'Malaysia'),
(826, 'Āgaro', 'Ethiopia'),
(827, 'São Vicente de Ferreira', 'Portugal'),
(828, 'Vilyuchinsk', 'Russia'),
(829, 'Moita', 'Portugal'),
(830, 'Sokodé', 'Togo'),
(831, 'Piedecuesta', 'Colombia'),
(832, 'Lusk', 'Ireland'),
(833, 'Konobeyevo', 'Russia'),
(834, 'Douane', 'Tunisia'),
(835, 'Peseng', 'Indonesia'),
(836, 'Disina', 'Nigeria'),
(837, 'Zaporizhzhya', 'Ukraine'),
(838, 'Croissy-sur-Seine', 'France'),
(839, 'Srbica', 'Macedonia'),
(840, 'Hantsport', 'Canada'),
(841, 'Baras', 'Philippines'),
(842, 'Couva', 'Trinidad and Tobago'),
(843, 'Rio Claro', 'Trinidad and Tobago'),
(844, 'Houston', 'United States'),
(845, 'Thị Trấn Bình Mỹ', 'Vietnam'),
(846, 'Oldřišov', 'Czech Republic'),
(847, 'Severka', 'Russia'),
(848, 'Kayan', 'Myanmar'),
(849, 'Raoyang', 'China'),
(850, 'Oslo', 'Norway'),
(851, 'Adorjan', 'Serbia'),
(852, 'Ishëm', 'Albania'),
(853, 'Chuanshan', 'China'),
(854, 'Alor Setar', 'Malaysia'),
(855, 'Aipe', 'Colombia'),
(856, 'Alaverdi', 'Armenia'),
(857, 'Borås', 'Sweden'),
(858, 'Varge Mondar', 'Portugal'),
(859, 'Kez', 'Russia'),
(860, 'Shaliangzi', 'China'),
(861, 'Bárrio', 'Portugal'),
(862, 'Takāb', 'Iran'),
(863, 'Jiangshi', 'China'),
(864, 'Qitan', 'China'),
(865, 'Lagayan', 'Philippines'),
(866, 'Huangjiazhai', 'China'),
(867, 'Hutou', 'China'),
(868, 'Huangqiao', 'China'),
(869, 'Miami', 'United States'),
(870, 'Levuka', 'Fiji'),
(871, 'Shaxi', 'China'),
(872, 'Montemor-o-Velho', 'Portugal'),
(873, 'Jastrowie', 'Poland'),
(874, 'Magadan', 'Russia'),
(875, 'Jubung', 'Indonesia'),
(876, 'Karangsari', 'Indonesia'),
(877, 'Bogovarovo', 'Russia'),
(878, 'Bāsawul', 'Afghanistan'),
(879, 'Manizales', 'Colombia'),
(880, 'Curridabat', 'Costa Rica'),
(881, 'Kotes', 'Indonesia'),
(882, 'Luowan', 'China'),
(883, 'Huili Chengguanzhen', 'China'),
(884, 'Tuopu Luke', 'China'),
(885, 'Shuvakish', 'Russia'),
(886, 'Mierzęcice', 'Poland'),
(887, 'Sawahan', 'Indonesia'),
(888, 'Magdalena', 'Peru'),
(889, 'Huddinge', 'Sweden'),
(890, 'Casais Baleal', 'Portugal'),
(891, 'Nurlat', 'Russia'),
(892, 'Loutráki', 'Greece'),
(893, 'Milano', 'Italy'),
(894, 'Idfu', 'Egypt'),
(895, 'Gaoyi', 'China'),
(896, 'Linshe', 'China'),
(897, 'La Mohammedia', 'Tunisia'),
(898, 'Shuangxikou', 'China'),
(899, 'Balucawi', 'Philippines'),
(900, 'Portachuelo', 'Bolivia'),
(901, 'Szczecinek', 'Poland'),
(902, 'Três Pontas', 'Brazil'),
(903, 'Vellinge', 'Sweden'),
(904, 'Canaman', 'Philippines'),
(905, 'Iracemápolis', 'Brazil'),
(906, 'Haveli', 'Pakistan'),
(907, 'Rameshki', 'Russia'),
(908, 'Casal Novo', 'Portugal'),
(909, 'Banturkrajan', 'Indonesia'),
(910, 'Jianlong', 'China'),
(911, 'Härnösand', 'Sweden'),
(912, 'Nahuo', 'China'),
(913, 'Ortiga', 'Portugal'),
(914, 'Paratinga', 'Brazil'),
(915, 'Isyangulovo', 'Russia'),
(916, 'Fenglai', 'China'),
(917, 'Pasian', 'Philippines'),
(918, 'Ledok', 'Indonesia'),
(919, 'Mpraeso', 'Ghana'),
(920, 'Xilian', 'China'),
(921, 'Melaka', 'Malaysia'),
(922, 'Ciseda', 'Indonesia'),
(923, 'Geneina', 'Sudan'),
(924, 'Long Beach', 'United States'),
(925, 'Guaçuí', 'Brazil'),
(926, 'Agios Dimitrios', 'Greece'),
(927, 'Nizui', 'China'),
(928, 'Kutamandarakan', 'Indonesia'),
(929, 'Lijiang', 'China'),
(930, 'Cuijiaqiao', 'China'),
(931, 'Wañgan', 'Philippines'),
(932, 'Bobowo', 'Poland'),
(933, 'Kedungtuban', 'Indonesia'),
(934, 'Tseel', 'Mongolia'),
(935, 'Saint Paul', 'United States'),
(936, 'Kaiyun', 'China'),
(937, 'Bilajari', 'Azerbaijan'),
(938, 'Sidaurip', 'Indonesia'),
(939, 'Dongtang', 'China'),
(940, 'Shuntian', 'China'),
(941, 'Gebre Guracha', 'Ethiopia'),
(942, 'Gendiwu', 'Indonesia'),
(943, 'Huhe', 'China'),
(944, 'Las Varillas', 'Argentina'),
(945, 'Manoc-Manoc', 'Philippines'),
(946, 'Severo-Yeniseyskiy', 'Russia'),
(947, 'Mbinga', 'Tanzania'),
(948, 'Pepayan', 'Indonesia'),
(949, 'Pathum Ratchawongsa', 'Thailand'),
(950, 'Kawangu Satu', 'Indonesia'),
(951, 'Brooklyn', 'United States'),
(952, 'Lisiy Nos', 'Russia'),
(953, 'Cerrito', 'Colombia'),
(954, 'Byera Village', 'Saint Vincent and the Grenadines'),
(955, 'Sarlat-la-Canéda', 'France'),
(956, 'Sanchahe', 'China'),
(957, 'Des Moines', 'United States'),
(958, 'Larangan', 'Indonesia'),
(959, 'Mersam', 'Indonesia'),
(960, 'Ōmamachō-ōmama', 'Japan'),
(961, 'Santa Cruz', 'Mexico'),
(962, 'Progreso', 'Peru'),
(963, 'Likhoy', 'Russia'),
(964, 'Bang Kruai', 'Thailand'),
(965, 'Niort', 'France'),
(966, 'Morales', 'Colombia'),
(967, 'Eskilstuna', 'Sweden'),
(968, 'Naranjito', 'Ecuador'),
(969, 'Suizhong', 'China'),
(970, 'Hwacheon', 'South Korea'),
(971, 'Capim Grosso', 'Brazil'),
(972, 'Raposos', 'Brazil'),
(973, 'Tigaon', 'Philippines'),
(974, 'Enskede', 'Sweden'),
(975, 'Kimry', 'Russia'),
(976, 'Stocksund', 'Sweden'),
(977, 'Alto Río Senguer', 'Argentina'),
(978, 'Sanya', 'China'),
(979, 'Kulautuva', 'Lithuania'),
(980, 'Ya‘bad', 'Palestinian Territory'),
(981, 'Khirdalan', 'Azerbaijan'),
(982, 'Psary', 'Poland'),
(983, 'Svalyava', 'Ukraine'),
(984, 'Zhouji', 'China'),
(985, 'Lamego', 'Portugal'),
(986, 'Bumbuna', 'Sierra Leone'),
(987, 'Castro', 'Brazil'),
(988, 'Maukaro', 'Indonesia'),
(989, 'Picos', 'Brazil'),
(990, 'Gyodong', 'South Korea'),
(991, 'Voloshka', 'Russia'),
(992, 'Pesqueira', 'Brazil'),
(993, 'Ras al-Khaimah', 'United Arab Emirates'),
(994, 'Mangqu', 'China'),
(995, 'Cloyne', 'Ireland'),
(996, 'Lengor', 'Indonesia'),
(997, 'Qiantang', 'China'),
(998, 'Nuevo Amanecer', 'Nicaragua'),
(999, 'Yanji', 'China'),
(1000, 'Manutapen', 'Indonesia');

-- --------------------------------------------------------

--
-- Table structure for table `student`
--

CREATE TABLE `pruebaNov`.`student` (
  `id` int(11) NOT NULL,
  `first_name` varchar(50) DEFAULT NULL,
  `last_name` varchar(50) DEFAULT NULL,
  `email` varchar(50) DEFAULT NULL,
  `gender` varchar(50) DEFAULT NULL,
  `city` int(11) DEFAULT NULL
) ENGINE=InnoDB DEFAULT CHARSET=utf8mb4;

--
-- Dumping data for table `student`
--

INSERT INTO `pruebaNov`.`student` (`id`, `first_name`, `last_name`, `email`, `gender`, `city`) VALUES
(1, 'Emilee', 'Armin', 'earmin0@marketwatch.com', 'Female', 1),
(2, 'Lester', 'O\'Breen', 'lobreen1@springer.com', 'Male', 780),
(3, 'Hallie', 'Dewdeny', 'hdewdeny2@hao123.com', 'Female', 711),
(4, 'Stefa', 'Bouller', 'sbouller3@nbcnews.com', 'Female', 644),
(5, 'Patsy', 'Potbury', 'ppotbury4@gnu.org', 'Polygender', 1),
(6, 'Brittany', 'Chaldecott', 'bchaldecott5@google.com', 'Female', 45),
(7, 'Collette', 'Lince', 'clince6@yahoo.co.jp', 'Female', 866),
(8, 'Nye', 'Noot', 'nnoot7@dagondesign.com', 'Male', 105),
(9, 'Jacquenetta', 'Matcham', 'jmatcham8@dot.gov', 'Female', 940),
(10, 'Woodie', 'Drawmer', 'wdrawmer9@miibeian.gov.cn', 'Male', 842),
(11, 'Obadias', 'Eddoes', 'oeddoesa@shutterfly.com', 'Male', 865),
(12, 'Roobbie', 'Leith', 'rleithb@reverbnation.com', 'Female', 1),
(13, 'Jere', 'Garnson', 'jgarnsonc@springer.com', 'Female', 505),
(14, 'Dennison', 'Hatherill', 'dhatherilld@economist.com', 'Male', 454),
(15, 'Horacio', 'Ferrieroi', 'hferrieroie@etsy.com', 'Male', 428),
(16, 'Judie', 'Stoppard', 'jstoppardf@exblog.jp', 'Female', 402),
(17, 'Yvor', 'Tape', 'ytapeg@edublogs.org', 'Male', 708),
(18, 'Gabriell', 'McCole', 'gmccoleh@spiegel.de', 'Female', 54),
(19, 'Lesley', 'Jovicevic', 'ljovicevici@rakuten.co.jp', 'Non-binary', 548),
(20, 'Neal', 'Brigdale', 'nbrigdalej@springer.com', 'Male', 859),
(21, 'Giacobo', 'Carbry', 'gcarbryk@domainmarket.com', 'Male', 840),
(22, 'Christan', 'Rockwill', 'crockwilll@ask.com', 'Female', 531),
(23, 'Justin', 'Harome', 'jharomem@biblegateway.com', 'Male', 300),
(24, 'Shane', 'Cummins', 'scumminsn@aol.com', 'Polygender', 397),
(25, 'Leone', 'Feria', 'lferiao@amazon.co.uk', 'Female', 765),
(26, 'Elia', 'Pettitt', 'epettittp@bbb.org', 'Male', 802),
(27, 'Modesty', 'Battershall', 'mbattershallq@seattletimes.com', 'Female', 396),
(28, 'Bibbie', 'Killbey', 'bkillbeyr@shinystat.com', 'Female', 425),
(29, 'Pip', 'Pietrowicz', 'ppietrowiczs@list-manage.com', 'Male', 605),
(30, 'Giraud', 'Robbert', 'grobbertt@google.ca', 'Non-binary', 8),
(31, 'Allx', 'Bayldon', 'abayldonu@clickbank.net', 'Female', 193),
(32, 'Kelby', 'Parade', 'kparadev@epa.gov', 'Male', 472),
(33, 'Lindsay', 'Hanselman', 'lhanselmanw@java.com', 'Male', 510),
(34, 'Corie', 'Briereton', 'cbrieretonx@t-online.de', 'Female', 697),
(35, 'Mathias', 'Brockway', 'mbrockwayy@ameblo.jp', 'Male', 662),
(36, 'Birch', 'O\'Bradane', 'bobradanez@gov.uk', 'Male', 163),
(37, 'Christian', 'Andryszczak', 'candryszczak10@hud.gov', 'Male', 183),
(38, 'Tam', 'Gettins', 'tgettins11@digg.com', 'Male', 720),
(39, 'Alastair', 'Buffin', 'abuffin12@linkedin.com', 'Male', 166),
(40, 'Trumaine', 'Charer', 'tcharer13@blogger.com', 'Male', 803),
(41, 'Siobhan', 'Iglesia', 'siglesia14@redcross.org', 'Female', 881),
(42, 'Marie-ann', 'Salandino', 'msalandino15@about.com', 'Female', 232),
(43, 'Danni', 'Waycott', 'dwaycott16@canalblog.com', 'Female', 468),
(44, 'Merline', 'Masdon', 'mmasdon17@chronoengine.com', 'Female', 625),
(45, 'Melissa', 'Gilbane', 'mgilbane18@ow.ly', 'Female', 305),
(46, 'Ray', 'Hawke', 'rhawke19@bbb.org', 'Female', 753),
(47, 'Neely', 'Rolf', 'nrolf1a@angelfire.com', 'Female', 829),
(48, 'Candide', 'Bromilow', 'cbromilow1b@tripadvisor.com', 'Female', 81),
(49, 'Adolpho', 'Menear', 'amenear1c@about.me', 'Non-binary', 415),
(50, 'Zea', 'O\'Sherrin', 'zosherrin1d@reverbnation.com', 'Female', 380),
(51, 'Flo', 'Phebee', 'fphebee1e@marketwatch.com', 'Female', 307),
(52, 'Nicoline', 'Jannings', 'njannings1f@twitpic.com', 'Female', 590),
(53, 'Hunter', 'Benzi', 'hbenzi1g@wiley.com', 'Male', 735),
(54, 'Izaak', 'Tennewell', 'itennewell1h@cmu.edu', 'Male', 208),
(55, 'Hobart', 'Hefforde', 'hhefforde1i@aol.com', 'Male', 52),
(56, 'Christen', 'Zealy', 'czealy1j@reference.com', 'Genderfluid', 291),
(57, 'Mag', 'Rewcassell', 'mrewcassell1k@blinklist.com', 'Female', 348),
(58, 'Rivkah', 'Beecheno', 'rbeecheno1l@yandex.ru', 'Female', 214),
(59, 'Genovera', 'McVee', 'gmcvee1m@bandcamp.com', 'Female', 745),
(60, 'Lenore', 'Matusevich', 'lmatusevich1n@flickr.com', 'Female', 561),
(61, 'Sibby', 'Climer', 'sclimer1o@hp.com', 'Female', 115),
(62, 'Dulcinea', 'Bockmaster', 'dbockmaster1p@tiny.cc', 'Female', 738),
(63, 'Ajay', 'Mager', 'amager1q@tumblr.com', 'Female', 319),
(64, 'Edy', 'Mishow', 'emishow1r@ebay.co.uk', 'Female', 920),
(65, 'Trever', 'Feary', 'tfeary1s@hugedomains.com', 'Male', 93),
(66, 'Rycca', 'Hubber', 'rhubber1t@examiner.com', 'Female', 971),
(67, 'Cammy', 'Rampage', 'crampage1u@tiny.cc', 'Female', 88),
(68, 'Ulrick', 'Crossfeld', 'ucrossfeld1v@yellowpages.com', 'Male', 130),
(69, 'Silvana', 'Blandford', 'sblandford1w@hp.com', 'Female', 594),
(70, 'Louella', 'Mishaw', 'lmishaw1x@sitemeter.com', 'Female', 875),
(71, 'Bartolemo', 'Vasyatkin', 'bvasyatkin1y@phpbb.com', 'Male', 13),
(72, 'Aubert', 'Corlett', 'acorlett1z@phoca.cz', 'Male', 30),
(73, 'Mayor', 'Acres', 'macres20@ifeng.com', 'Male', 353),
(74, 'Leodora', 'Winders', 'lwinders21@tiny.cc', 'Female', 445),
(75, 'Darcy', 'Goodredge', 'dgoodredge22@mapquest.com', 'Female', 418),
(76, 'Kiley', 'Gittis', 'kgittis23@plala.or.jp', 'Male', 439),
(77, 'Brewster', 'Keays', 'bkeays24@blogtalkradio.com', 'Male', 169),
(78, 'Cindy', 'Pren', 'cpren25@amazon.co.uk', 'Female', 66),
(79, 'Rolland', 'Dufton', 'rdufton26@oakley.com', 'Male', 141),
(80, 'Bryanty', 'Gianotti', 'bgianotti27@surveymonkey.com', 'Male', 985),
(81, 'Lisetta', 'Sanderson', 'lsanderson28@japanpost.jp', 'Female', 815),
(82, 'Lynea', 'O\'Daly', 'lodaly29@auda.org.au', 'Genderqueer', 267),
(83, 'Clemmy', 'Pucknell', 'cpucknell2a@unblog.fr', 'Male', 225),
(84, 'Roseann', 'Thomazet', 'rthomazet2b@slideshare.net', 'Female', 185),
(85, 'Zacharias', 'Grimbaldeston', 'zgrimbaldeston2c@sogou.com', 'Male', 446),
(86, 'Louis', 'Earl', 'learl2d@purevolume.com', 'Male', 533),
(87, 'Velma', 'Kinsley', 'vkinsley2e@chicagotribune.com', 'Female', 465),
(88, 'Pamela', 'Stuckow', 'pstuckow2f@flickr.com', 'Polygender', 911),
(89, 'Derrick', 'Burgane', 'dburgane2g@hugedomains.com', 'Bigender', 727),
(90, 'Sherm', 'Matusevich', 'smatusevich2h@abc.net.au', 'Male', 775),
(91, 'Perry', 'Stoakley', 'pstoakley2i@si.edu', 'Female', 579),
(92, 'Christabella', 'Want', 'cwant2j@craigslist.org', 'Female', 351),
(93, 'Carola', 'Heggadon', 'cheggadon2k@theguardian.com', 'Female', 951),
(94, 'Gerik', 'Kezor', 'gkezor2l@jugem.jp', 'Male', 833),
(95, 'Ugo', 'Sarton', 'usarton2m@nps.gov', 'Non-binary', 335),
(96, 'Fancy', 'Jewiss', 'fjewiss2n@seesaa.net', 'Female', 182),
(97, 'Karl', 'Enticott', 'kenticott2o@rediff.com', 'Male', 161),
(98, 'Bryn', 'Bareham', 'bbareham2p@drupal.org', 'Male', 933),
(99, 'Faythe', 'Strettle', 'fstrettle2q@cpanel.net', 'Female', 619),
(100, 'Rip', 'Backsal', 'rbacksal2r@cnn.com', 'Male', 576),
(101, 'Llywellyn', 'Jentle', 'ljentle2s@angelfire.com', 'Male', 532),
(102, 'Duane', 'Amsden', 'damsden2t@flickr.com', 'Male', 850),
(103, 'Hall', 'Hunnawill', 'hhunnawill2u@npr.org', 'Male', 729),
(104, 'Jobi', 'Winfindine', 'jwinfindine2v@cnbc.com', 'Female', 771),
(105, 'Berny', 'Cranefield', 'bcranefield2w@businessinsider.com', 'Female', 742),
(106, 'Nappie', 'Thumim', 'nthumim2x@wordpress.com', 'Male', 325),
(107, 'Doloritas', 'Rubinfeld', 'drubinfeld2y@wp.com', 'Female', 197),
(108, 'Lonee', 'Drysdell', 'ldrysdell2z@reverbnation.com', 'Female', 180),
(109, 'Elianora', 'Downham', 'edownham30@dailymail.co.uk', 'Female', 939),
(110, 'Hubie', 'Romeo', 'hromeo31@weebly.com', 'Male', 632),
(111, 'Isadore', 'Loblie', 'iloblie32@trellian.com', 'Male', 728),
(112, 'Correy', 'Narey', 'cnarey33@fastcompany.com', 'Male', 107),
(113, 'Danell', 'McHugh', 'dmchugh34@sitemeter.com', 'Female', 895),
(114, 'Bank', 'Sanzio', 'bsanzio35@edublogs.org', 'Non-binary', 719),
(115, 'Seward', 'Klaesson', 'sklaesson36@arizona.edu', 'Male', 992),
(116, 'Erina', 'McCann', 'emccann37@bing.com', 'Female', 597),
(117, 'Virginia', 'Sukbhans', 'vsukbhans38@fc2.com', 'Female', 585),
(118, 'Tyler', 'Tyce', 'ttyce39@go.com', 'Male', 656),
(119, 'Kennan', 'Lethbrig', 'klethbrig3a@wix.com', 'Male', 447),
(120, 'Elsy', 'Simants', 'esimants3b@marketwatch.com', 'Female', 367),
(121, 'Roberto', 'Phaup', 'rphaup3c@purevolume.com', 'Male', 294),
(122, 'Vikki', 'Imeson', 'vimeson3d@boston.com', 'Female', 551),
(123, 'Alon', 'Oughtright', 'aoughtright3e@harvard.edu', 'Male', 155),
(124, 'Lauree', 'Iorizzi', 'liorizzi3f@yellowbook.com', 'Genderfluid', 821),
(125, 'Hilde', 'Penddreth', 'hpenddreth3g@biblegateway.com', 'Female', 785),
(126, 'Mariquilla', 'Quincey', 'mquincey3h@tinypic.com', 'Female', 409),
(127, 'Terence', 'Whiterod', 'twhiterod3i@shareasale.com', 'Male', 488),
(128, 'Kenneth', 'Parnham', 'kparnham3j@wiley.com', 'Male', 570),
(129, 'Fanni', 'Leake', 'fleake3k@washingtonpost.com', 'Female', 327),
(130, 'Jeffrey', 'Iveans', 'jiveans3l@cisco.com', 'Male', 928),
(131, 'Renault', 'Dofty', 'rdofty3m@123-reg.co.uk', 'Male', 607),
(132, 'Cordula', 'Rubinovitsch', 'crubinovitsch3n@cnet.com', 'Female', 455),
(133, 'Madel', 'Kirkhouse', 'mkirkhouse3o@kickstarter.com', 'Female', 882),
(134, 'Burgess', 'Hymus', 'bhymus3p@redcross.org', 'Male', 664),
(135, 'Charita', 'Cummings', 'ccummings3q@craigslist.org', 'Female', 78),
(136, 'Melly', 'Skin', 'mskin3r@moonfruit.com', 'Female', 376),
(137, 'Kelci', 'Aylwin', 'kaylwin3s@qq.com', 'Female', 398),
(138, 'Ida', 'Lecointe', 'ilecointe3t@wordpress.com', 'Female', 867),
(139, 'Mill', 'McAvinchey', 'mmcavinchey3u@bing.com', 'Male', 936),
(140, 'Frankie', 'Geale', 'fgeale3v@squidoo.com', 'Female', 416),
(141, 'Lesley', 'Stancer', 'lstancer3w@eepurl.com', 'Male', 343),
(142, 'Robina', 'Cayet', 'rcayet3x@ed.gov', 'Female', 50),
(143, 'Donavon', 'Bischoff', 'dbischoff3y@cpanel.net', 'Male', 347),
(144, 'Geoffrey', 'Carnier', 'gcarnier3z@yale.edu', 'Male', 116),
(145, 'Dorolisa', 'Jouannot', 'djouannot40@edublogs.org', 'Female', 434),
(146, 'Gabrila', 'Losano', 'glosano41@va.gov', 'Female', 189),
(147, 'Hort', 'Doudny', 'hdoudny42@plala.or.jp', 'Male', 693),
(148, 'Roch', 'Hegden', 'rhegden43@imdb.com', 'Female', 957),
(149, 'Tull', 'Labbett', 'tlabbett44@simplemachines.org', 'Male', 479),
(150, 'Elbertine', 'Meddemmen', 'emeddemmen45@omniture.com', 'Female', 361),
(151, 'Nannie', 'Tackley', 'ntackley46@soundcloud.com', 'Female', 259),
(152, 'Demetris', 'Mattei', 'dmattei47@rakuten.co.jp', 'Male', 749),
(153, 'Mart', 'Boylin', 'mboylin48@globo.com', 'Polygender', 787),
(154, 'Celia', 'Tetford', 'ctetford49@facebook.com', 'Female', 934),
(155, 'Alvy', 'Beincken', 'abeincken4a@tamu.edu', 'Male', 35),
(156, 'Niall', 'Van der Baaren', 'nvanderbaaren4b@github.io', 'Male', 943),
(157, 'Mickie', 'Stendall', 'mstendall4c@123-reg.co.uk', 'Male', 112),
(158, 'Barnie', 'Biers', 'bbiers4d@naver.com', 'Male', 618),
(159, 'Zondra', 'Puvia', 'zpuvia4e@globo.com', 'Female', 458),
(160, 'Morley', 'Crabb', 'mcrabb4f@uol.com.br', 'Male', 310),
(161, 'Elsy', 'MacGorman', 'emacgorman4g@blog.com', 'Female', 941),
(162, 'Perl', 'Parell', 'pparell4h@dion.ne.jp', 'Female', 132),
(163, 'Kayne', 'Ennew', 'kennew4i@1und1.de', 'Male', 779),
(164, 'Sayres', 'Ockendon', 'sockendon4j@dyndns.org', 'Male', 944),
(165, 'Fenelia', 'Giraudel', 'fgiraudel4k@apple.com', 'Polygender', 139),
(166, 'Cindie', 'Thomke', 'cthomke4l@sina.com.cn', 'Female', 242),
(167, 'Parry', 'Timcke', 'ptimcke4m@dailymotion.com', 'Bigender', 191),
(168, 'Dillon', 'Dettmar', 'ddettmar4n@posterous.com', 'Male', 492),
(169, 'Dick', 'Gasson', 'dgasson4o@unesco.org', 'Male', 360),
(170, 'Nolan', 'Dunhill', 'ndunhill4p@hao123.com', 'Male', 423),
(171, 'Jarrad', 'Chessil', 'jchessil4q@desdev.cn', 'Male', 502),
(172, 'Britteny', 'Pimblotte', 'bpimblotte4r@indiegogo.com', 'Female', 770),
(173, 'Kristi', 'Block', 'kblock4s@issuu.com', 'Female', 341),
(174, 'Winifred', 'Brim', 'wbrim4t@paypal.com', 'Female', 763),
(175, 'Janith', 'Witch', 'jwitch4u@imgur.com', 'Female', 526),
(176, 'Tonya', 'Bernardeschi', 'tbernardeschi4v@homestead.com', 'Female', 776),
(177, 'Nat', 'Wegner', 'nwegner4w@army.mil', 'Female', 478),
(178, 'Dwight', 'Manhood', 'dmanhood4x@amazon.com', 'Male', 953),
(179, 'Seymour', 'Saterthwait', 'ssaterthwait4y@craigslist.org', 'Male', 480),
(180, 'Jacki', 'Stenet', 'jstenet4z@whitehouse.gov', 'Female', 601),
(181, 'Derick', 'Scud', 'dscud50@mlb.com', 'Male', 346),
(182, 'Marget', 'Shemming', 'mshemming51@unicef.org', 'Agender', 990),
(183, 'Des', 'Geffcock', 'dgeffcock52@amazon.com', 'Male', 774),
(184, 'Merci', 'LAbbet', 'mlabbet53@canalblog.com', 'Female', 5),
(185, 'Maye', 'Sim', 'msim54@house.gov', 'Polygender', 262),
(186, 'Morty', 'Syrad', 'msyrad55@digg.com', 'Male', 568),
(187, 'Tremayne', 'Ciotti', 'tciotti56@163.com', 'Non-binary', 222),
(188, 'Jake', 'Georg', 'jgeorg57@nydailynews.com', 'Male', 699),
(189, 'Reinhard', 'Gehrels', 'rgehrels58@digg.com', 'Male', 642),
(190, 'Errick', 'Birtwell', 'ebirtwell59@twitpic.com', 'Male', 73),
(191, 'Saleem', 'Ricci', 'sricci5a@tinyurl.com', 'Male', 195),
(192, 'Chance', 'Nurden', 'cnurden5b@bbc.co.uk', 'Male', 581),
(193, 'Kristin', 'Titcom', 'ktitcom5c@yellowpages.com', 'Genderqueer', 663),
(194, 'Shanon', 'Rief', 'srief5d@upenn.edu', 'Female', 497),
(195, 'Matilde', 'de Pinna', 'mdepinna5e@aol.com', 'Female', 937),
(196, 'Clementius', 'McLoney', 'cmcloney5f@is.gd', 'Male', 560),
(197, 'Halsey', 'Kupisz', 'hkupisz5g@bbb.org', 'Genderqueer', 10),
(198, 'Wain', 'Ivanshintsev', 'wivanshintsev5h@wordpress.com', 'Male', 51),
(199, 'Karine', 'Bentsen', 'kbentsen5i@hatena.ne.jp', 'Female', 511),
(200, 'Wren', 'De Biaggi', 'wdebiaggi5j@nationalgeographic.com', 'Female', 370),
(201, 'Rakel', 'Croxley', 'rcroxley5k@nps.gov', 'Female', 47),
(202, 'Alicea', 'Pauly', 'apauly5l@posterous.com', 'Female', 41),
(203, 'Pattin', 'Milborn', 'pmilborn5m@elpais.com', 'Male', 334),
(204, 'Annabella', 'Farlham', 'afarlham5n@facebook.com', 'Female', 900),
(205, 'Irwin', 'Purchase', 'ipurchase5o@uol.com.br', 'Male', 386),
(206, 'Darrell', 'Clancey', 'dclancey5p@google.co.jp', 'Male', 391),
(207, 'Pamella', 'Emmanuel', 'pemmanuel5q@shinystat.com', 'Female', 412),
(208, 'Chase', 'Caddy', 'ccaddy5r@gov.uk', 'Male', 524),
(209, 'Malachi', 'Beach', 'mbeach5s@purevolume.com', 'Male', 687),
(210, 'Whitby', 'Trueman', 'wtrueman5t@hp.com', 'Male', 198),
(211, 'Harold', 'Kuhlmey', 'hkuhlmey5u@dyndns.org', 'Male', 311),
(212, 'Remus', 'Morrieson', 'rmorrieson5v@cbslocal.com', 'Male', 363),
(213, 'Kylynn', 'Hanning', 'khanning5w@technorati.com', 'Female', 330),
(214, 'Gwen', 'McWhin', 'gmcwhin5x@wikipedia.org', 'Bigender', 828),
(215, 'Lindi', 'Rozzier', 'lrozzier5y@zdnet.com', 'Female', 499),
(216, 'Emmit', 'Ewles', 'eewles5z@flavors.me', 'Male', 27),
(217, 'Tracey', 'Stapels', 'tstapels60@meetup.com', 'Female', 312),
(218, 'Micaela', 'Tassell', 'mtassell61@bloomberg.com', 'Female', 349),
(219, 'Bunny', 'Brassill', 'bbrassill62@weebly.com', 'Female', 836),
(220, 'Tymothy', 'Hairs', 'thairs63@bigcartel.com', 'Male', 212),
(221, 'Syd', 'Reichhardt', 'sreichhardt64@lulu.com', 'Polygender', 211),
(222, 'Zuzana', 'Leggat', 'zleggat65@ow.ly', 'Non-binary', 272),
(223, 'Tod', 'Dunbar', 'tdunbar66@globo.com', 'Male', 812),
(224, 'Jess', 'Benardette', 'jbenardette67@ifeng.com', 'Male', 476),
(225, 'Keelby', 'McDougald', 'kmcdougald68@wikia.com', 'Male', 177),
(226, 'Rey', 'Renshall', 'rrenshall69@1688.com', 'Female', 407),
(227, 'Billye', 'Lawler', 'blawler6a@imdb.com', 'Female', 26),
(228, 'Sigvard', 'Fiennes', 'sfiennes6b@wsj.com', 'Male', 194),
(229, 'Daisy', 'Fone', 'dfone6c@geocities.jp', 'Female', 860),
(230, 'Celeste', 'Shippey', 'cshippey6d@huffingtonpost.com', 'Female', 238),
(231, 'Percy', 'Stuer', 'pstuer6e@skype.com', 'Male', 760),
(232, 'Bret', 'O\'Dreain', 'bodreain6f@scientificamerican.com', 'Male', 669),
(233, 'Nita', 'Sabatier', 'nsabatier6g@ocn.ne.jp', 'Female', 909),
(234, 'Shelby', 'Lasseter', 'slasseter6h@icio.us', 'Male', 786),
(235, 'Filberte', 'Wearne', 'fwearne6i@yellowbook.com', 'Male', 315),
(236, 'Cher', 'Grisewood', 'cgrisewood6j@lycos.com', 'Female', 249),
(237, 'Scotty', 'Antonescu', 'santonescu6k@cocolog-nifty.com', 'Male', 880),
(238, 'Sayres', 'Fulep', 'sfulep6l@pbs.org', 'Male', 55),
(239, 'Boonie', 'Klageman', 'bklageman6m@yellowbook.com', 'Male', 1000),
(240, 'Eveline', 'Ferbrache', 'eferbrache6n@utexas.edu', 'Female', 153),
(241, 'Allyce', 'Delouch', 'adelouch6o@tripod.com', 'Polygender', 600),
(242, 'Aristotle', 'Donlon', 'adonlon6p@merriam-webster.com', 'Male', 768),
(243, 'David', 'Drew-Clifton', 'ddrewclifton6q@state.gov', 'Male', 868),
(244, 'Elfrieda', 'Alloway', 'ealloway6r@indiegogo.com', 'Female', 799),
(245, 'Wenda', 'Grinyer', 'wgrinyer6s@nydailynews.com', 'Genderqueer', 714),
(246, 'Carlos', 'Dorkin', 'cdorkin6t@geocities.com', 'Male', 431),
(247, 'Zorina', 'Louis', 'zlouis6u@freewebs.com', 'Female', 871),
(248, 'Nickie', 'Joplin', 'njoplin6v@shareasale.com', 'Male', 973),
(249, 'Michel', 'Weale', 'mweale6w@webmd.com', 'Genderfluid', 843),
(250, 'Augustus', 'Vlasyev', 'avlasyev6x@domainmarket.com', 'Polygender', 879),
(251, 'Domeniga', 'Tomaszewski', 'dtomaszewski6y@dedecms.com', 'Female', 359),
(252, 'Bald', 'Putnam', 'bputnam6z@theatlantic.com', 'Male', 796),
(253, 'Tedi', 'Rousell', 'trousell70@eepurl.com', 'Female', 324),
(254, 'Amber', 'Ough', 'aough71@slideshare.net', 'Genderqueer', 234),
(255, 'Rori', 'Roscam', 'rroscam72@nba.com', 'Female', 355),
(256, 'Sianna', 'Rubinovitsch', 'srubinovitsch73@vimeo.com', 'Female', 157),
(257, 'Fidelia', 'Hannah', 'fhannah74@wisc.edu', 'Female', 16),
(258, 'Clarie', 'Farren', 'cfarren75@ow.ly', 'Female', 849),
(259, 'Marlena', 'Merry', 'mmerry76@nature.com', 'Female', 969),
(260, 'Westbrooke', 'Evitt', 'wevitt77@ihg.com', 'Male', 795),
(261, 'Patrizius', 'Stepto', 'pstepto78@sourceforge.net', 'Male', 811),
(262, 'Odell', 'Hillhouse', 'ohillhouse79@wiley.com', 'Bigender', 978),
(263, 'Jordanna', 'Bebbington', 'jbebbington7a@ustream.tv', 'Female', 42),
(264, 'Lorri', 'Simkovitz', 'lsimkovitz7b@nationalgeographic.com', 'Female', 893),
(265, 'Upton', 'Coule', 'ucoule7c@sun.com', 'Male', 490),
(266, 'Jens', 'Phlippi', 'jphlippi7d@drupal.org', 'Male', 333),
(267, 'Lamont', 'Seamen', 'lseamen7e@cornell.edu', 'Male', 228),
(268, 'Layney', 'Denecamp', 'ldenecamp7f@examiner.com', 'Female', 202),
(269, 'Gay', 'Hulett', 'ghulett7g@tmall.com', 'Female', 702),
(270, 'Kory', 'Willoway', 'kwilloway7h@phpbb.com', 'Bigender', 411),
(271, 'Rivalee', 'Hawk', 'rhawk7i@homestead.com', 'Female', 489),
(272, 'Joseito', 'Von Brook', 'jvonbrook7j@hostgator.com', 'Male', 123),
(273, 'Tracy', 'Petrina', 'tpetrina7k@rakuten.co.jp', 'Female', 554),
(274, 'Haily', 'Cuskery', 'hcuskery7l@wunderground.com', 'Male', 467),
(275, 'Bernete', 'Offen', 'boffen7m@deliciousdays.com', 'Female', 424),
(276, 'Kerwin', 'Dils', 'kdils7n@microsoft.com', 'Male', 145),
(277, 'Jeremias', 'Safhill', 'jsafhill7o@weather.com', 'Male', 229),
(278, 'Eliot', 'MacCallester', 'emaccallester7p@lulu.com', 'Male', 751),
(279, 'Darcy', 'Batstone', 'dbatstone7q@upenn.edu', 'Female', 993),
(280, 'Lucila', 'Seymark', 'lseymark7r@joomla.org', 'Female', 598),
(281, 'Manfred', 'Boller', 'mboller7s@cornell.edu', 'Genderqueer', 628),
(282, 'Minnaminnie', 'Benley', 'mbenley7t@diigo.com', 'Female', 777),
(283, 'Henriette', 'Showers', 'hshowers7u@deliciousdays.com', 'Female', 639),
(284, 'Purcell', 'Yearnsley', 'pyearnsley7v@ted.com', 'Male', 142),
(285, 'Kelcie', 'Digginson', 'kdigginson7w@prnewswire.com', 'Female', 961),
(286, 'Averil', 'Mattholie', 'amattholie7x@nytimes.com', 'Female', 452),
(287, 'Margo', 'Southers', 'msouthers7y@scientificamerican.com', 'Female', 429),
(288, 'Julianna', 'Fuge', 'jfuge7z@sfgate.com', 'Female', 609),
(289, 'Maryl', 'Conklin', 'mconklin80@shinystat.com', 'Female', 481),
(290, 'Brittne', 'Dacca', 'bdacca81@indiatimes.com', 'Female', 896),
(291, 'Worth', 'Parrin', 'wparrin82@mapquest.com', 'Male', 496),
(292, 'Dulcinea', 'Bull', 'dbull83@typepad.com', 'Female', 994),
(293, 'Alika', 'Remmer', 'aremmer84@statcounter.com', 'Female', 520),
(294, 'Mart', 'Whatley', 'mwhatley85@usnews.com', 'Male', 637),
(295, 'Gussie', 'Bostick', 'gbostick86@scribd.com', 'Female', 384),
(296, 'Dotti', 'Christophle', 'dchristophle87@pen.io', 'Female', 417),
(297, 'Leena', 'Pestricke', 'lpestricke88@cnn.com', 'Female', 595),
(298, 'Willard', 'Yeskin', 'wyeskin89@printfriendly.com', 'Male', 931),
(299, 'Theo', 'Fontin', 'tfontin8a@twitpic.com', 'Male', 70),
(300, 'Garrick', 'Gouldthorpe', 'ggouldthorpe8b@chron.com', 'Male', 743),
(301, 'Joelle', 'Honack', 'jhonack8c@forbes.com', 'Female', 805),
(302, 'Jacinthe', 'Brisbane', 'jbrisbane8d@usa.gov', 'Female', 929),
(303, 'Kristofor', 'Dameisele', 'kdameisele8e@umich.edu', 'Male', 344),
(304, 'Zebadiah', 'Brise', 'zbrise8f@google.com', 'Genderqueer', 668),
(305, 'Keefer', 'Zipsell', 'kzipsell8g@bbb.org', 'Agender', 646),
(306, 'Melicent', 'Bertolaccini', 'mbertolaccini8h@answers.com', 'Female', 268),
(307, 'Fara', 'Conan', 'fconan8i@addthis.com', 'Female', 744),
(308, 'Joann', 'Geroldi', 'jgeroldi8j@nasa.gov', 'Female', 797),
(309, 'Vasily', 'Wylder', 'vwylder8k@howstuffworks.com', 'Male', 28),
(310, 'Cosme', 'Rydeard', 'crydeard8l@opera.com', 'Male', 841),
(311, 'Lottie', 'Steuhlmeyer', 'lsteuhlmeyer8m@csmonitor.com', 'Female', 617),
(312, 'Adolphus', 'Maclaine', 'amaclaine8n@vistaprint.com', 'Male', 987),
(313, 'Kendrick', 'Drissell', 'kdrissell8o@nhs.uk', 'Male', 340),
(314, 'Karney', 'Wix', 'kwix8p@friendfeed.com', 'Male', 530),
(315, 'Cammie', 'Govey', 'cgovey8q@comcast.net', 'Female', 984),
(316, 'Ransom', 'Brian', 'rbrian8r@tinypic.com', 'Male', 747),
(317, 'Kiley', 'ducarme', 'kducarme8s@mozilla.org', 'Male', 470),
(318, 'Arny', 'Fasse', 'afasse8t@deliciousdays.com', 'Male', 692),
(319, 'Matt', 'Cutforth', 'mcutforth8u@about.me', 'Male', 196),
(320, 'Wyatt', 'Ponte', 'wponte8v@state.tx.us', 'Male', 1),
(321, 'Cecilia', 'Swiggs', 'cswiggs8w@ifeng.com', 'Agender', 288),
(322, 'Paul', 'Brokenshaw', 'pbrokenshaw8x@who.int', 'Male', 518),
(323, 'Giorgio', 'Edgeler', 'gedgeler8y@nydailynews.com', 'Male', 449),
(324, 'Lorette', 'Wardle', 'lwardle8z@smh.com.au', 'Female', 43),
(325, 'Loleta', 'Knotte', 'lknotte90@4shared.com', 'Female', 314),
(326, 'Garrot', 'Vinau', 'gvinau91@a8.net', 'Male', 946),
(327, 'Guntar', 'Caldecourt', 'gcaldecourt92@cbslocal.com', 'Male', 750),
(328, 'Jolie', 'Klosterman', 'jklosterman93@github.io', 'Agender', 450),
(329, 'Aldric', 'Aveson', 'aaveson94@senate.gov', 'Male', 244),
(330, 'Remington', 'Girardez', 'rgirardez95@oakley.com', 'Male', 827),
(331, 'Dame', 'Burrows', 'dburrows96@people.com.cn', 'Male', 610),
(332, 'Lillis', 'Pestor', 'lpestor97@youtube.com', 'Female', 372),
(333, 'Devland', 'Maccraw', 'dmaccraw98@uol.com.br', 'Male', 230),
(334, 'Robbin', 'Snugg', 'rsnugg99@foxnews.com', 'Female', 498),
(335, 'Zared', 'Eeles', 'zeeles9a@ocn.ne.jp', 'Male', 630),
(336, 'Waring', 'Huxton', 'whuxton9b@ebay.com', 'Male', 979),
(337, 'Quintilla', 'Owens', 'qowens9c@edublogs.org', 'Female', 263),
(338, 'Rosette', 'Ryall', 'rryall9d@youtube.com', 'Female', 289),
(339, 'Whit', 'Mockett', 'wmockett9e@uiuc.edu', 'Non-binary', 483),
(340, 'Boone', 'Siemantel', 'bsiemantel9f@springer.com', 'Male', 721),
(341, 'Yance', 'Kluge', 'ykluge9g@sphinn.com', 'Male', 382),
(342, 'Brinn', 'Kenway', 'bkenway9h@hibu.com', 'Female', 375),
(343, 'Zebulon', 'Leeson', 'zleeson9i@mail.ru', 'Male', 627),
(344, 'Corey', 'Gallager', 'cgallager9j@dyndns.org', 'Male', 304),
(345, 'Joachim', 'Gjerde', 'jgjerde9k@usgs.gov', 'Male', 97),
(346, 'Heida', 'Perkins', 'hperkins9l@youtube.com', 'Polygender', 257),
(347, 'Arie', 'Klassmann', 'aklassmann9m@army.mil', 'Male', 730),
(348, 'Zebedee', 'Cullingford', 'zcullingford9n@pinterest.com', 'Male', 408),
(349, 'Justin', 'Witheford', 'jwitheford9o@theatlantic.com', 'Male', 959),
(350, 'Jabez', 'Vipan', 'jvipan9p@irs.gov', 'Male', 65),
(351, 'Pauly', 'Gerren', 'pgerren9q@bloglovin.com', 'Male', 137),
(352, 'Bernadette', 'Jakolevitch', 'bjakolevitch9r@booking.com', 'Female', 569),
(353, 'Robert', 'Pennycook', 'rpennycook9s@meetup.com', 'Male', 422),
(354, 'Ingmar', 'Korneluk', 'ikorneluk9t@pinterest.com', 'Male', 298),
(355, 'Benedetta', 'Stogill', 'bstogill9u@businesswire.com', 'Female', 515),
(356, 'Shannan', 'Brabyn', 'sbrabyn9v@odnoklassniki.ru', 'Male', 246),
(357, 'Cynthea', 'De Paepe', 'cdepaepe9w@zimbio.com', 'Non-binary', 752),
(358, 'Jaye', 'Soans', 'jsoans9x@msu.edu', 'Male', 832),
(359, 'Ambrosio', 'Defew', 'adefew9y@reddit.com', 'Male', 227),
(360, 'Tucky', 'Drakeley', 'tdrakeley9z@hubpages.com', 'Male', 247),
(361, 'Gerianna', 'Allibon', 'gallibona0@is.gd', 'Female', 237),
(362, 'Andros', 'MacQuaker', 'amacquakera1@blogtalkradio.com', 'Male', 574),
(363, 'Maegan', 'Luno', 'mlunoa2@mozilla.org', 'Genderqueer', 503),
(364, 'Yvonne', 'Bischoff', 'ybischoffa3@smh.com.au', 'Agender', 67),
(365, 'Demetrius', 'Blomefield', 'dblomefielda4@cornell.edu', 'Male', 683),
(366, 'Case', 'Ugoletti', 'cugolettia5@cbsnews.com', 'Male', 578),
(367, 'Katusha', 'Izsak', 'kizsaka6@livejournal.com', 'Female', 910),
(368, 'Inger', 'Line', 'ilinea7@chicagotribune.com', 'Female', 11),
(369, 'Merilee', 'Van Vuuren', 'mvanvuurena8@ucoz.ru', 'Female', 858),
(370, 'Calli', 'Scantleberry', 'cscantleberrya9@cisco.com', 'Female', 487),
(371, 'Laurie', 'Roddan', 'lroddanaa@dailymail.co.uk', 'Female', 960),
(372, 'Siobhan', 'Sibray', 'ssibrayab@cnbc.com', 'Female', 7),
(373, 'Aimee', 'Mc Mechan', 'amcmechanac@symantec.com', 'Female', 782),
(374, 'Yank', 'Morcomb', 'ymorcombad@lycos.com', 'Agender', 321),
(375, 'Marcello', 'Sauter', 'msauterae@patch.com', 'Male', 58),
(376, 'Gunner', 'Parratt', 'gparrattaf@deviantart.com', 'Non-binary', 707),
(377, 'Martita', 'Valois', 'mvaloisag@hexun.com', 'Female', 970),
(378, 'Sarge', 'Klesse', 'sklesseah@icq.com', 'Male', 954),
(379, 'Alexander', 'Chapleo', 'achapleoai@mozilla.com', 'Male', 394),
(380, 'Kelila', 'Cromleholme', 'kcromleholmeaj@hp.com', 'Female', 589),
(381, 'Gherardo', 'Pechan', 'gpechanak@dedecms.com', 'Male', 810),
(382, 'Hermine', 'Couth', 'hcouthal@fotki.com', 'Female', 886),
(383, 'Vern', 'Mate', 'vmateam@is.gd', 'Male', 320),
(384, 'Monroe', 'Grundle', 'mgrundlean@noaa.gov', 'Male', 538),
(385, 'Giralda', 'Trundle', 'gtrundleao@mediafire.com', 'Female', 612),
(386, 'Thomasina', 'Avesque', 'tavesqueap@tripadvisor.com', 'Female', 816),
(387, 'Hastings', 'Adamson', 'hadamsonaq@ucsd.edu', 'Male', 955),
(388, 'Giorgi', 'Scrooby', 'gscroobyar@tamu.edu', 'Male', 252),
(389, 'Pavlov', 'Livingstone', 'plivingstoneas@nyu.edu', 'Male', 876),
(390, 'Issi', 'Curtoys', 'icurtoysat@tinypic.com', 'Female', 980),
(391, 'Conroy', 'Ipgrave', 'cipgraveau@slate.com', 'Male', 275),
(392, 'Andrei', 'Gaughan', 'agaughanav@cnbc.com', 'Female', 24),
(393, 'Hortense', 'Sloss', 'hslossaw@qq.com', 'Female', 952),
(394, 'Hastings', 'Sanderson', 'hsandersonax@prnewswire.com', 'Male', 78),
(395, 'Stefano', 'Ricciardiello', 'sricciardielloay@tinyurl.com', 'Male', 38),
(396, 'Bartlett', 'Duligal', 'bduligalaz@constantcontact.com', 'Male', 388),
(397, 'Debee', 'Almak', 'dalmakb0@cloudflare.com', 'Genderfluid', 412),
(398, 'Oliver', 'Ralphs', 'oralphsb1@mediafire.com', 'Male', 175),
(399, 'Vanni', 'Mayfield', 'vmayfieldb2@unicef.org', 'Female', 370),
(400, 'Tulley', 'Borley', 'tborleyb3@hubpages.com', 'Male', 749),
(401, 'Dion', 'Halliwell', 'dhalliwellb4@si.edu', 'Female', 199),
(402, 'Sonia', 'Loosmore', 'sloosmoreb5@walmart.com', 'Female', 776),
(403, 'Emmerich', 'Benois', 'ebenoisb6@netlog.com', 'Male', 969),
(404, 'Upton', 'Gerrets', 'ugerretsb7@wsj.com', 'Male', 600),
(405, 'Celestina', 'Atcock', 'catcockb8@vimeo.com', 'Female', 70),
(406, 'Lindy', 'Yeoland', 'lyeolandb9@deliciousdays.com', 'Female', 782),
(407, 'Murry', 'Gilham', 'mgilhamba@huffingtonpost.com', 'Male', 297),
(408, 'Annaliese', 'Elsegood', 'aelsegoodbb@uol.com.br', 'Female', 871),
(409, 'Ruttger', 'Colmer', 'rcolmerbc@salon.com', 'Male', 421),
(410, 'Valeda', 'Blenkiron', 'vblenkironbd@answers.com', 'Female', 351),
(411, 'Johnath', 'Blore', 'jblorebe@t.co', 'Female', 41),
(412, 'Leia', 'Swaffer', 'lswafferbf@google.it', 'Female', 898),
(413, 'Andrei', 'Burnett', 'aburnettbg@loc.gov', 'Female', 536),
(414, 'Franny', 'Seabright', 'fseabrightbh@youtu.be', 'Polygender', 330),
(415, 'Dyann', 'Cottesford', 'dcottesfordbi@va.gov', 'Female', 876),
(416, 'Fonsie', 'Lawden', 'flawdenbj@unesco.org', 'Male', 397),
(417, 'Jeanette', 'Cowie', 'jcowiebk@merriam-webster.com', 'Female', 23),
(418, 'Gabey', 'Philipp', 'gphilippbl@gizmodo.com', 'Female', 327),
(419, 'Lindie', 'Flucker', 'lfluckerbm@posterous.com', 'Polygender', 682),
(420, 'Lula', 'Lattimore', 'llattimorebn@free.fr', 'Female', 348),
(421, 'Theodoric', 'McGovern', 'tmcgovernbo@1688.com', 'Male', 681),
(422, 'Rafaellle', 'Rowan', 'rrowanbp@liveinternet.ru', 'Male', 157),
(423, 'Layton', 'Haggleton', 'lhaggletonbq@desdev.cn', 'Male', 486),
(424, 'Dannel', 'Ingarfield', 'dingarfieldbr@google.it', 'Male', 381),
(425, 'Blair', 'Renish', 'brenishbs@123-reg.co.uk', 'Male', 955),
(426, 'Cornelle', 'Reicharz', 'creicharzbt@newyorker.com', 'Female', 797),
(427, 'Hetti', 'Coulsen', 'hcoulsenbu@ucoz.ru', 'Female', 550),
(428, 'Pearle', 'Marjanski', 'pmarjanskibv@auda.org.au', 'Bigender', 142),
(429, 'Gunner', 'Crombie', 'gcrombiebw@parallels.com', 'Male', 401),
(430, 'Kareem', 'Maharry', 'kmaharrybx@linkedin.com', 'Male', 767),
(431, 'Vanessa', 'Spenton', 'vspentonby@pen.io', 'Female', 575),
(432, 'Rianon', 'Smallthwaite', 'rsmallthwaitebz@tinypic.com', 'Female', 902),
(433, 'Fidel', 'Sutlieff', 'fsutlieffc0@psu.edu', 'Male', 839),
(434, 'Jorge', 'Scarse', 'jscarsec1@prlog.org', 'Male', 182),
(435, 'Maury', 'Hancock', 'mhancockc2@hugedomains.com', 'Non-binary', 926),
(436, 'Caspar', 'Chazerand', 'cchazerandc3@topsy.com', 'Male', 974),
(437, 'Goddart', 'Verdey', 'gverdeyc4@independent.co.uk', 'Male', 437),
(438, 'Amalee', 'Colbrun', 'acolbrunc5@vinaora.com', 'Female', 145),
(439, 'Steffen', 'Cossington', 'scossingtonc6@de.vu', 'Male', 727),
(440, 'Alexandrina', 'Decent', 'adecentc7@ebay.co.uk', 'Female', 392),
(441, 'Mickey', 'Eccleston', 'mecclestonc8@eepurl.com', 'Male', 50),
(442, 'Nicholle', 'Meenan', 'nmeenanc9@rediff.com', 'Female', 703),
(443, 'Arch', 'Polson', 'apolsonca@ask.com', 'Male', 394),
(444, 'Pebrook', 'Palfrie', 'ppalfriecb@drupal.org', 'Male', 936),
(445, 'Eldin', 'Cumberpatch', 'ecumberpatchcc@blinklist.com', 'Male', 434),
(446, 'Farica', 'Densie', 'fdensiecd@desdev.cn', 'Female', 380),
(447, 'Justinn', 'Ivanishchev', 'jivanishchevce@who.int', 'Female', 772),
(448, 'Barby', 'Bockett', 'bbockettcf@cloudflare.com', 'Female', 479),
(449, 'Herrick', 'Lindholm', 'hlindholmcg@baidu.com', 'Male', 455),
(450, 'Mathilde', 'Hamper', 'mhamperch@drupal.org', 'Female', 216),
(451, 'Emilie', 'McAne', 'emcaneci@yolasite.com', 'Polygender', 211),
(452, 'Celinda', 'Digg', 'cdiggcj@spiegel.de', 'Female', 989),
(453, 'Caro', 'Matantsev', 'cmatantsevck@noaa.gov', 'Female', 608),
(454, 'Heriberto', 'Bushen', 'hbushencl@nps.gov', 'Agender', 656),
(455, 'Marylinda', 'Witts', 'mwittscm@friendfeed.com', 'Female', 720),
(456, 'Giffy', 'Waistall', 'gwaistallcn@youtu.be', 'Male', 754),
(457, 'Sissie', 'Breslau', 'sbreslauco@businessweek.com', 'Female', 170),
(458, 'Durante', 'Willimot', 'dwillimotcp@ask.com', 'Male', 116),
(459, 'Jarrid', 'Gissing', 'jgissingcq@wp.com', 'Male', 101),
(460, 'Carey', 'Tilne', 'ctilnecr@alexa.com', 'Male', 663),
(461, 'Hedi', 'Disley', 'hdisleycs@pcworld.com', 'Polygender', 676),
(462, 'Corbie', 'McClements', 'cmcclementsct@google.ca', 'Agender', 30),
(463, 'Stanislaw', 'Janic', 'sjaniccu@rakuten.co.jp', 'Male', 438),
(464, 'Howey', 'Wille', 'hwillecv@live.com', 'Male', 214),
(465, 'Morena', 'Cady', 'mcadycw@a8.net', 'Female', 104),
(466, 'Berny', 'Veysey', 'bveyseycx@ucsd.edu', 'Agender', 73),
(467, 'Ailey', 'Eddleston', 'aeddlestoncy@nydailynews.com', 'Female', 900),
(468, 'Kenyon', 'Ellings', 'kellingscz@aboutads.info', 'Male', 777),
(469, 'Bethany', 'Malt', 'bmaltd0@amazon.de', 'Female', 54),
(470, 'Quint', 'Simonnet', 'qsimonnetd1@cocolog-nifty.com', 'Male', 866),
(471, 'Kerk', 'Dommett', 'kdommettd2@thetimes.co.uk', 'Male', 601),
(472, 'Tandie', 'Petrushkevich', 'tpetrushkevichd3@technorati.com', 'Female', 65),
(473, 'Pansy', 'Mangenet', 'pmangenetd4@deliciousdays.com', 'Female', 596),
(474, 'Jonas', 'Arnell', 'jarnelld5@spiegel.de', 'Male', 439),
(475, 'Bill', 'Bread', 'bbreadd6@time.com', 'Female', 264),
(476, 'Holmes', 'Kenworthey', 'hkenwortheyd7@elegantthemes.com', 'Male', 320),
(477, 'Lethia', 'Reichert', 'lreichertd8@geocities.jp', 'Female', 678),
(478, 'Vittorio', 'Gason', 'vgasond9@dot.gov', 'Male', 928),
(479, 'Melisa', 'Ogley', 'mogleyda@linkedin.com', 'Bigender', 532),
(480, 'Abel', 'Girhard', 'agirharddb@marketwatch.com', 'Male', 354),
(481, 'Lewiss', 'Hassey', 'lhasseydc@amazonaws.com', 'Male', 847),
(482, 'Bidget', 'Valentinetti', 'bvalentinettidd@canalblog.com', 'Female', 844),
(483, 'Kerby', 'Presslee', 'kpressleede@alibaba.com', 'Non-binary', 724),
(484, 'Ches', 'McIlmurray', 'cmcilmurraydf@biglobe.ne.jp', 'Male', 332),
(485, 'Hansiain', 'Shark', 'hsharkdg@webeden.co.uk', 'Male', 659),
(486, 'Gradey', 'Agutter', 'gagutterdh@weather.com', 'Bigender', 236),
(487, 'Patrizius', 'Kilmurry', 'pkilmurrydi@squarespace.com', 'Male', 998),
(488, 'Callida', 'Kapelhof', 'ckapelhofdj@bigcartel.com', 'Female', 464),
(489, 'Nikolia', 'Maliffe', 'nmaliffedk@networksolutions.com', 'Female', 219),
(490, 'Cornela', 'Featherstone', 'cfeatherstonedl@cargocollective.com', 'Female', 272),
(491, 'Aila', 'Crowdy', 'acrowdydm@joomla.org', 'Female', 39),
(492, 'Loretta', 'Louedey', 'llouedeydn@amazon.com', 'Female', 775),
(493, 'Lilith', 'Lies', 'lliesdo@sitemeter.com', 'Female', 929),
(494, 'Dillon', 'Berryann', 'dberryanndp@drupal.org', 'Genderfluid', 705),
(495, 'Alvina', 'Boxill', 'aboxilldq@gmpg.org', 'Female', 558),
(496, 'Bronnie', 'Orrocks', 'borrocksdr@cam.ac.uk', 'Male', 768),
(497, 'Gerardo', 'Yvon', 'gyvonds@livejournal.com', 'Male', 793),
(498, 'Ransom', 'Hallbird', 'rhallbirddt@hud.gov', 'Male', 285),
(499, 'Eula', 'Peek', 'epeekdu@dell.com', 'Female', 448),
(500, 'Lucinda', 'Schroter', 'lschroterdv@about.me', 'Female', 780),
(501, 'Glyn', 'Guslon', 'gguslondw@gravatar.com', 'Female', 319),
(502, 'Peadar', 'Josefsohn', 'pjosefsohndx@ocn.ne.jp', 'Male', 636),
(503, 'Pauline', 'Marciskewski', 'pmarciskewskidy@histats.com', 'Female', 999),
(504, 'Belinda', 'Spurret', 'bspurretdz@opera.com', 'Female', 825),
(505, 'Marney', 'Tiron', 'mtirone0@addtoany.com', 'Female', 270),
(506, 'Sayers', 'Kingsland', 'skingslande1@xrea.com', 'Male', 885),
(507, 'Maridel', 'Schwand', 'mschwande2@amazon.co.uk', 'Non-binary', 577),
(508, 'Allan', 'Demoge', 'ademogee3@canalblog.com', 'Male', 435),
(509, 'Norton', 'De Rye Barrett', 'nderyebarrette4@globo.com', 'Male', 281),
(510, 'Waiter', 'Groomebridge', 'wgroomebridgee5@goo.ne.jp', 'Male', 233),
(511, 'Louis', 'Gatcliff', 'lgatcliffe6@prnewswire.com', 'Male', 240),
(512, 'Hedwiga', 'Beringer', 'hberingere7@usgs.gov', 'Female', 905),
(513, 'Wake', 'Pencott', 'wpencotte8@blog.com', 'Male', 993),
(514, 'Marinna', 'Russi', 'mrussie9@wunderground.com', 'Agender', 686),
(515, 'Kipp', 'Castelot', 'kcastelotea@reverbnation.com', 'Male', 245),
(516, 'Reginald', 'Chese', 'rcheseeb@miibeian.gov.cn', 'Male', 458),
(517, 'Symon', 'Askey', 'saskeyec@scientificamerican.com', 'Non-binary', 537),
(518, 'Paten', 'Gooms', 'pgoomsed@surveymonkey.com', 'Male', 189),
(519, 'Dorrie', 'Cremer', 'dcremeree@google.com.br', 'Female', 289),
(520, 'Angela', 'Wemm', 'awemmef@geocities.com', 'Female', 433),
(521, 'Hortensia', 'Ebden', 'hebdeneg@list-manage.com', 'Female', 62),
(522, 'Stacie', 'Kuhnert', 'skuhnerteh@freewebs.com', 'Female', 756),
(523, 'Claire', 'Anstiss', 'canstissei@github.io', 'Polygender', 487),
(524, 'Marnie', 'Bownas', 'mbownasej@wikia.com', 'Female', 475),
(525, 'Judie', 'Harriday', 'jharridayek@nasa.gov', 'Female', 605),
(526, 'Ruth', 'Dyett', 'rdyettel@thetimes.co.uk', 'Female', 32),
(527, 'Lula', 'Leebeter', 'lleebeterem@feedburner.com', 'Female', 670),
(528, 'Humberto', 'Marsy', 'hmarsyen@google.com.br', 'Male', 497),
(529, 'Faye', 'Reckhouse', 'freckhouseeo@whitehouse.gov', 'Female', 286),
(530, 'Michell', 'Izacenko', 'mizacenkoep@virginia.edu', 'Non-binary', 770),
(531, 'Dagmar', 'Fewkes', 'dfewkeseq@unicef.org', 'Female', 982),
(532, 'Maddalena', 'Woodbridge', 'mwoodbridgeer@devhub.com', 'Female', 853),
(533, 'Kara', 'Volett', 'kvolettes@hugedomains.com', 'Female', 43),
(534, 'Auroora', 'Desforges', 'adesforgeset@whitehouse.gov', 'Female', 405),
(535, 'Conni', 'Washington', 'cwashingtoneu@comcast.net', 'Female', 728),
(536, 'Nefen', 'Skirrow', 'nskirrowev@cnn.com', 'Male', 36),
(537, 'Woody', 'Wontner', 'wwontnerew@tinypic.com', 'Male', 171),
(538, 'Charmaine', 'Norvill', 'cnorvillex@360.cn', 'Female', 874),
(539, 'Rorie', 'Spall', 'rspalley@bloomberg.com', 'Female', 255),
(540, 'Lelah', 'Geffen', 'lgeffenez@is.gd', 'Female', 634),
(541, 'Ichabod', 'Andrick', 'iandrickf0@miibeian.gov.cn', 'Male', 63),
(542, 'Dietrich', 'Yosselevitch', 'dyosselevitchf1@prlog.org', 'Male', 934),
(543, 'Neil', 'Drinkwater', 'ndrinkwaterf2@github.com', 'Male', 869),
(544, 'Dorey', 'Gomery', 'dgomeryf3@alexa.com', 'Female', 675),
(545, 'Giffy', 'Riediger', 'griedigerf4@newyorker.com', 'Male', 251),
(546, 'Abbe', 'Hurd', 'ahurdf5@boston.com', 'Male', 45),
(547, 'Neel', 'Stonhouse', 'nstonhousef6@sciencedirect.com', 'Male', 129),
(548, 'Terencio', 'Buckie', 'tbuckief7@businessweek.com', 'Male', 2),
(549, 'Olag', 'Amesbury', 'oamesburyf8@bandcamp.com', 'Male', 525),
(550, 'Ernesto', 'Vance', 'evancef9@google.com.br', 'Male', 541),
(551, 'Bondon', 'Tremathick', 'btremathickfa@netscape.com', 'Male', 602),
(552, 'Annis', 'Bedson', 'abedsonfb@merriam-webster.com', 'Female', 501),
(553, 'Carrie', 'Onslow', 'conslowfc@163.com', 'Female', 440),
(554, 'Maxy', 'Smeal', 'msmealfd@paypal.com', 'Male', 748),
(555, 'Lenard', 'Addison', 'laddisonfe@ameblo.jp', 'Male', 787),
(556, 'Spense', 'Patient', 'spatientff@sourceforge.net', 'Male', 979),
(557, 'Kathryn', 'Crowcroft', 'kcrowcroftfg@goodreads.com', 'Female', 152),
(558, 'Floyd', 'Howle', 'fhowlefh@gov.uk', 'Male', 92),
(559, 'Ruperto', 'Linturn', 'rlinturnfi@jigsy.com', 'Male', 488),
(560, 'Mareah', 'Dagworthy', 'mdagworthyfj@livejournal.com', 'Female', 680),
(561, 'Ludvig', 'Beckitt', 'lbeckittfk@ucoz.ru', 'Male', 317),
(562, 'Bili', 'Capel', 'bcapelfl@nsw.gov.au', 'Female', 471),
(563, 'Ophelia', 'Gosford', 'ogosfordfm@usnews.com', 'Female', 841),
(564, 'Hettie', 'Charley', 'hcharleyfn@de.vu', 'Agender', 868),
(565, 'Winn', 'Lorimer', 'wlorimerfo@about.com', 'Male', 205),
(566, 'Jessa', 'McGaraghan', 'jmcgaraghanfp@samsung.com', 'Female', 916),
(567, 'Betteann', 'Sheere', 'bsheerefq@comsenz.com', 'Genderqueer', 296),
(568, 'Nicola', 'Deevey', 'ndeeveyfr@gizmodo.com', 'Male', 650),
(569, 'Harrison', 'Le - Count', 'hlecountfs@clickbank.net', 'Male', 269),
(570, 'Melosa', 'Welton', 'mweltonft@trellian.com', 'Female', 731),
(571, 'Lenora', 'Phillimore', 'lphillimorefu@berkeley.edu', 'Female', 478),
(572, 'Cosimo', 'Abramzon', 'cabramzonfv@va.gov', 'Male', 210),
(573, 'Ber', 'Tyreman', 'btyremanfw@china.com.cn', 'Male', 202),
(574, 'Ellwood', 'Buzine', 'ebuzinefx@cbslocal.com', 'Male', 879),
(575, 'Cirstoforo', 'Sayton', 'csaytonfy@photobucket.com', 'Male', 822),
(576, 'Deborah', 'Pinwill', 'dpinwillfz@msn.com', 'Female', 651),
(577, 'Roman', 'O\'Fogerty', 'rofogertyg0@bluehost.com', 'Male', 506),
(578, 'Marci', 'Wipper', 'mwipperg1@yolasite.com', 'Female', 97),
(579, 'Fawn', 'Bann', 'fbanng2@dyndns.org', 'Female', 773),
(580, 'Cara', 'Gheerhaert', 'cgheerhaertg3@ox.ac.uk', 'Female', 511),
(581, 'Horten', 'O\'Driscole', 'hodriscoleg4@wikimedia.org', 'Male', 403),
(582, 'Rennie', 'Pindell', 'rpindellg5@globo.com', 'Female', 398),
(583, 'Chane', 'Cancott', 'ccancottg6@deviantart.com', 'Male', 901),
(584, 'Cyndy', 'MacGill', 'cmacgillg7@ow.ly', 'Female', 436),
(585, 'Coralie', 'Robertson', 'crobertsong8@harvard.edu', 'Agender', 336),
(586, 'Neille', 'Charpling', 'ncharplingg9@ycombinator.com', 'Female', 474),
(587, 'Laurette', 'Gonzalvo', 'lgonzalvoga@elpais.com', 'Female', 943),
(588, 'Vlad', 'Redd', 'vreddgb@cocolog-nifty.com', 'Male', 779),
(589, 'Parker', 'Greenhead', 'pgreenheadgc@scientificamerican.com', 'Non-binary', 411),
(590, 'Sidonia', 'Joule', 'sjoulegd@wired.com', 'Non-binary', 632),
(591, 'Hartwell', 'Brinkley', 'hbrinkleyge@indiegogo.com', 'Male', 910),
(592, 'Jourdan', 'Dodson', 'jdodsongf@angelfire.com', 'Female', 886),
(593, 'Jordan', 'Fincke', 'jfinckegg@cisco.com', 'Bigender', 111),
(594, 'Lauraine', 'Dear', 'ldeargh@jiathis.com', 'Female', 154),
(595, 'Shermie', 'Penhalurick', 'spenhalurickgi@1und1.de', 'Genderfluid', 562),
(596, 'Mathian', 'Van Velde', 'mvanveldegj@webeden.co.uk', 'Male', 564),
(597, 'Roma', 'Tabour', 'rtabourgk@statcounter.com', 'Male', 988),
(598, 'Kanya', 'Alsobrook', 'kalsobrookgl@last.fm', 'Female', 542),
(599, 'Lucas', 'Bolwell', 'lbolwellgm@weather.com', 'Male', 373),
(600, 'Kenton', 'Huzzey', 'khuzzeygn@t-online.de', 'Male', 814),
(601, 'Jerry', 'Dmitriev', 'jdmitrievgo@cam.ac.uk', 'Male', 318),
(602, 'Tildie', 'O\'Scandall', 'toscandallgp@washington.edu', 'Female', 131),
(603, 'Eustacia', 'Habbal', 'ehabbalgq@sciencedirect.com', 'Female', 239),
(604, 'Mallory', 'Seeking', 'mseekinggr@cam.ac.uk', 'Female', 67),
(605, 'Ellsworth', 'Henrys', 'ehenrysgs@skype.com', 'Male', 990),
(606, 'Lonee', 'Nicholes', 'lnicholesgt@virginia.edu', 'Female', 620),
(607, 'Janene', 'O\'Shevlin', 'joshevlingu@artisteer.com', 'Female', 492),
(608, 'Osmund', 'Breitler', 'obreitlergv@smugmug.com', 'Male', 168),
(609, 'Frazer', 'Farre', 'ffarregw@ameblo.jp', 'Male', 241),
(610, 'Olivia', 'Showler', 'oshowlergx@surveymonkey.com', 'Female', 84),
(611, 'Tam', 'Ferrarin', 'tferraringy@oakley.com', 'Male', 432),
(612, 'Emma', 'Scarman', 'escarmangz@nba.com', 'Female', 461),
(613, 'Marlee', 'Ibbott', 'mibbotth0@seattletimes.com', 'Female', 483),
(614, 'Giovanni', 'O\'Corren', 'gocorrenh1@drupal.org', 'Male', 887),
(615, 'Odelle', 'Wiffler', 'owifflerh2@delicious.com', 'Female', 850),
(616, 'Florian', 'Townshend', 'ftownshendh3@marriott.com', 'Male', 1000),
(617, 'Shannon', 'Barford', 'sbarfordh4@apache.org', 'Male', 937),
(618, 'Clarke', 'Tapp', 'ctapph5@arstechnica.com', 'Genderqueer', 965),
(619, 'Steven', 'Alten', 'saltenh6@ebay.com', 'Male', 816),
(620, 'Jazmin', 'Enser', 'jenserh7@nyu.edu', 'Genderqueer', 86),
(621, 'Hermie', 'Stittle', 'hstittleh8@skype.com', 'Male', 960),
(622, 'Ruthi', 'Dews', 'rdewsh9@economist.com', 'Female', 161),
(623, 'Reta', 'Emor', 'remorha@ovh.net', 'Female', 304),
(624, 'Cornall', 'Breen', 'cbreenhb@blinklist.com', 'Male', 430),
(625, 'Lanny', 'O\'Sheilds', 'losheildshc@earthlink.net', 'Polygender', 331),
(626, 'Garreth', 'Boutell', 'gboutellhd@globo.com', 'Male', 242),
(627, 'Sibyl', 'McPeeters', 'smcpeetershe@pagesperso-orange.fr', 'Female', 986),
(628, 'Hugo', 'Stocken', 'hstockenhf@mapy.cz', 'Male', 799),
(629, 'Torrance', 'Seville', 'tsevillehg@comsenz.com', 'Male', 185),
(630, 'Levin', 'Somerscales', 'lsomerscaleshh@thetimes.co.uk', 'Male', 374),
(631, 'Germayne', 'Vigietti', 'gvigiettihi@hao123.com', 'Male', 760),
(632, 'Craig', 'Grzes', 'cgrzeshj@princeton.edu', 'Male', 364),
(633, 'Kath', 'Eakens', 'keakenshk@weather.com', 'Female', 250),
(634, 'Julianne', 'Silliman', 'jsillimanhl@addtoany.com', 'Agender', 252),
(635, 'Mannie', 'Doick', 'mdoickhm@apple.com', 'Male', 743),
(636, 'Karlee', 'Ayshford', 'kayshfordhn@ovh.net', 'Female', 948),
(637, 'Avigdor', 'Charlton', 'acharltonho@artisteer.com', 'Male', 40),
(638, 'Eadmund', 'Lesurf', 'elesurfhp@arstechnica.com', 'Male', 753),
(639, 'Margeaux', 'Lindl', 'mlindlhq@shareasale.com', 'Female', 125),
(640, 'Jard', 'Waker', 'jwakerhr@oaic.gov.au', 'Male', 691),
(641, 'Mercy', 'De Souza', 'mdesouzahs@ycombinator.com', 'Female', 361),
(642, 'Hamish', 'Gillingwater', 'hgillingwaterht@ebay.co.uk', 'Male', 540),
(643, 'Urbain', 'Paolicchi', 'upaolicchihu@usa.gov', 'Male', 193),
(644, 'Junie', 'Thorp', 'jthorphv@miibeian.gov.cn', 'Female', 404),
(645, 'Leland', 'Kittredge', 'lkittredgehw@nifty.com', 'Male', 246),
(646, 'Price', 'Gorelli', 'pgorellihx@cam.ac.uk', 'Male', 284),
(647, 'Cherilyn', 'McGhie', 'cmcghiehy@salon.com', 'Female', 31),
(648, 'Jarib', 'Parmley', 'jparmleyhz@seattletimes.com', 'Male', 481),
(649, 'Avery', 'Tollet', 'atolleti0@merriam-webster.com', 'Non-binary', 115),
(650, 'Krysta', 'Pagan', 'kpagani1@bizjournals.com', 'Genderfluid', 851),
(651, 'Haley', 'Nana', 'hnanai2@icio.us', 'Male', 755),
(652, 'Tirrell', 'Singh', 'tsinghi3@sohu.com', 'Male', 9),
(653, 'Francyne', 'Berringer', 'fberringeri4@sciencedaily.com', 'Female', 312),
(654, 'Bathsheba', 'Cavy', 'bcavyi5@1und1.de', 'Female', 912),
(655, 'Dane', 'Smees', 'dsmeesi6@soundcloud.com', 'Genderqueer', 545),
(656, 'Joshuah', 'Perrie', 'jperriei7@netvibes.com', 'Male', 302),
(657, 'Clayborne', 'Grigoriev', 'cgrigorievi8@soup.io', 'Male', 899),
(658, 'Saraann', 'Lembke', 'slembkei9@forbes.com', 'Female', 262),
(659, 'Iain', 'Lamy', 'ilamyia@merriam-webster.com', 'Male', 4),
(660, 'Teodor', 'Bettleson', 'tbettlesonib@hao123.com', 'Male', 716),
(661, 'Phyllys', 'Tilte', 'ptilteic@apache.org', 'Female', 972),
(662, 'Barret', 'Flisher', 'bflisherid@mapquest.com', 'Male', 18),
(663, 'Ollie', 'Hoyland', 'ohoylandie@seattletimes.com', 'Female', 343),
(664, 'Michele', 'Hourahan', 'mhourahanif@instagram.com', 'Polygender', 795),
(665, 'Roddy', 'Hatter', 'rhatterig@sohu.com', 'Male', 791),
(666, 'Suki', 'Derwin', 'sderwinih@google.co.jp', 'Non-binary', 560),
(667, 'Lissy', 'Robben', 'lrobbenii@unicef.org', 'Female', 69),
(668, 'Elmore', 'Ravenscraft', 'eravenscraftij@dyndns.org', 'Male', 603),
(669, 'York', 'Oldale', 'yoldaleik@artisteer.com', 'Male', 854),
(670, 'Dorothea', 'Carden', 'dcardenil@elpais.com', 'Female', 450),
(671, 'Shadow', 'Fairhead', 'sfairheadim@skyrock.com', 'Male', 914),
(672, 'Trevor', 'Weathey', 'tweatheyin@multiply.com', 'Male', 234),
(673, 'Candra', 'Dayborne', 'cdayborneio@over-blog.com', 'Non-binary', 127),
(674, 'Patty', 'Menego', 'pmenegoip@google.co.uk', 'Non-binary', 25),
(675, 'Englebert', 'Spurden', 'espurdeniq@google.co.uk', 'Male', 248),
(676, 'Trudie', 'Elliker', 'tellikerir@buzzfeed.com', 'Female', 287),
(677, 'Aube', 'Bernot', 'abernotis@arizona.edu', 'Male', 61),
(678, 'Cyrill', 'Bigadike', 'cbigadikeit@nydailynews.com', 'Male', 77),
(679, 'Rhianna', 'Winear', 'rwineariu@linkedin.com', 'Female', 382),
(680, 'Joyan', 'Tiesman', 'jtiesmaniv@goo.ne.jp', 'Female', 566),
(681, 'Cob', 'Birchill', 'cbirchilliw@cbslocal.com', 'Male', 867),
(682, 'Alanah', 'Pooke', 'apookeix@vimeo.com', 'Female', 963),
(683, 'Moyra', 'Ashall', 'mashalliy@dyndns.org', 'Female', 505),
(684, 'Arvin', 'Howes', 'ahowesiz@mit.edu', 'Male', 858),
(685, 'Damara', 'Mattiuzzi', 'dmattiuzzij0@diigo.com', 'Female', 259),
(686, 'Lincoln', 'Anear', 'lanearj1@columbia.edu', 'Male', 751),
(687, 'Mohandas', 'Winterbotham', 'mwinterbothamj2@newsvine.com', 'Male', 217),
(688, 'Gerardo', 'Habbema', 'ghabbemaj3@mashable.com', 'Male', 711),
(689, 'Rudiger', 'Scruton', 'rscrutonj4@tmall.com', 'Male', 730),
(690, 'Kiley', 'Rosbottom', 'krosbottomj5@bloglovin.com', 'Female', 502),
(691, 'Poul', 'Keeri', 'pkeerij6@google.co.uk', 'Agender', 553),
(692, 'Jdavie', 'Overthrow', 'joverthrowj7@wsj.com', 'Male', 117),
(693, 'Melessa', 'Morratt', 'mmorrattj8@zdnet.com', 'Female', 647),
(694, 'Peyton', 'Usborn', 'pusbornj9@opensource.org', 'Male', 85),
(695, 'Keri', 'Pheby', 'kphebyja@jigsy.com', 'Female', 94),
(696, 'Benn', 'Heugle', 'bheuglejb@reverbnation.com', 'Male', 423),
(697, 'Jess', 'Sillett', 'jsillettjc@bbb.org', 'Male', 347),
(698, 'Alain', 'Tight', 'atightjd@whitehouse.gov', 'Male', 700),
(699, 'Prescott', 'Tottem', 'ptottemje@fc2.com', 'Male', 580),
(700, 'Fan', 'Hearl', 'fhearljf@sakura.ne.jp', 'Female', 144),
(701, 'Celie', 'Schooley', 'cschooleyjg@mlb.com', 'Female', 181),
(702, 'Oralle', 'Stanning', 'ostanningjh@springer.com', 'Female', 480),
(703, 'Vincenty', 'Walthew', 'vwalthewji@aol.com', 'Male', 196),
(704, 'Kameko', 'Putten', 'kputtenjj@multiply.com', 'Female', 186),
(705, 'Carie', 'Beddoes', 'cbeddoesjk@tripadvisor.com', 'Female', 579),
(706, 'Harvey', 'Chavez', 'hchavezjl@sourceforge.net', 'Male', 704),
(707, 'Kissie', 'Bringloe', 'kbringloejm@dyndns.org', 'Female', 306),
(708, 'Carin', 'Stump', 'cstumpjn@census.gov', 'Non-binary', 335),
(709, 'Aggi', 'Condict', 'acondictjo@berkeley.edu', 'Female', 859),
(710, 'Eleonore', 'Dugmore', 'edugmorejp@photobucket.com', 'Female', 889),
(711, 'Meggy', 'McGrouther', 'mmcgroutherjq@last.fm', 'Agender', 213),
(712, 'Mollee', 'Garrison', 'mgarrisonjr@lulu.com', 'Female', 878),
(713, 'Tatiana', 'Beedie', 'tbeediejs@trellian.com', 'Female', 499),
(714, 'Jules', 'Sergeant', 'jsergeantjt@huffingtonpost.com', 'Male', 736),
(715, 'Maryjane', 'Oglesbee', 'moglesbeeju@qq.com', 'Female', 462),
(716, 'Ben', 'Bim', 'bbimjv@accuweather.com', 'Male', 764),
(717, 'Sigismondo', 'Ambrozik', 'sambrozikjw@ft.com', 'Male', 992),
(718, 'Cheslie', 'Rubinshtein', 'crubinshteinjx@businessinsider.com', 'Female', 454),
(719, 'Hale', 'McLice', 'hmclicejy@people.com.cn', 'Male', 518),
(720, 'Ruy', 'Aimeric', 'raimericjz@nasa.gov', 'Male', 976),
(721, 'Abe', 'Coy', 'acoyk0@si.edu', 'Male', 783),
(722, 'Lexis', 'Aurelius', 'laureliusk1@cmu.edu', 'Female', 324),
(723, 'Bentley', 'Haill', 'bhaillk2@ow.ly', 'Male', 556),
(724, 'Harwilll', 'Haggar', 'hhaggark3@sphinn.com', 'Male', 17),
(725, 'Julietta', 'Darkin', 'jdarkink4@delicious.com', 'Female', 376),
(726, 'Latrina', 'Deneve', 'ldenevek5@weibo.com', 'Non-binary', 187),
(727, 'Cecilius', 'Cammock', 'ccammockk6@whitehouse.gov', 'Male', 837),
(728, 'Alyosha', 'Giorgio', 'agiorgiok7@elpais.com', 'Male', 966),
(729, 'Ephrayim', 'Mapledoore', 'emapledoorek8@marriott.com', 'Male', 924),
(730, 'Lezlie', 'Wilstead', 'lwilsteadk9@noaa.gov', 'Female', 872),
(731, 'Tammie', 'Baseley', 'tbaseleyka@spotify.com', 'Male', 597),
(732, 'Zondra', 'Hartly', 'zhartlykb@smugmug.com', 'Female', 710),
(733, 'Kayne', 'Ranald', 'kranaldkc@feedburner.com', 'Male', 457),
(734, 'Burch', 'Webling', 'bweblingkd@chron.com', 'Male', 344),
(735, 'Marcellus', 'Linde', 'mlindeke@mysql.com', 'Male', 277),
(736, 'Buckie', 'Bettaney', 'bbettaneykf@geocities.jp', 'Male', 150),
(737, 'Susie', 'Pointer', 'spointerkg@prweb.com', 'Genderqueer', 267),
(738, 'Zack', 'Kigelman', 'zkigelmankh@redcross.org', 'Male', 415),
(739, 'Charleen', 'Ashworth', 'cashworthki@sitemeter.com', 'Female', 136),
(740, 'Modesta', 'Cyseley', 'mcyseleykj@photobucket.com', 'Bigender', 375),
(741, 'Quincy', 'Alldridge', 'qalldridgekk@istockphoto.com', 'Agender', 908),
(742, 'Danita', 'Munday', 'dmundaykl@t-online.de', 'Female', 340),
(743, 'Tina', 'Brownlea', 'tbrownleakm@reference.com', 'Female', 653),
(744, 'Margalit', 'Poulston', 'mpoulstonkn@latimes.com', 'Female', 832),
(745, 'Ingunna', 'MacCumeskey', 'imaccumeskeyko@networksolutions.com', 'Female', 52),
(746, 'Felipa', 'Bartel', 'fbartelkp@amazonaws.com', 'Female', 723),
(747, 'Anett', 'Dawidowicz', 'adawidowiczkq@cisco.com', 'Female', 106),
(748, 'Basilius', 'Wyldbore', 'bwyldborekr@businessweek.com', 'Male', 493),
(749, 'Jeannie', 'Kattenhorn', 'jkattenhornks@acquirethisname.com', 'Female', 985),
(750, 'Kenneth', 'McWilliams', 'kmcwilliamskt@vk.com', 'Male', 316),
(751, 'Renado', 'Caulket', 'rcaulketku@ycombinator.com', 'Male', 849);


INSERT INTO `pruebaNov`.`student` (`id`, `first_name`, `last_name`, `email`, `gender`, `city`) VALUES
(752, 'Fonz', 'Stading', 'fstadingkv@php.net', 'Male', 135),
(753, 'Natalee', 'Hanhart', 'nhanhartkw@aboutads.info', 'Female', 413),
(754, 'Fernande', 'German', 'fgermankx@tripod.com', 'Female', 298),
(755, 'Randene', 'Haythorn', 'rhaythornky@privacy.gov.au', 'Female', 529),
(756, 'Hogan', 'Kestin', 'hkestinkz@google.it', 'Male', 491),
(757, 'Josy', 'Sutterfield', 'jsutterfieldl0@printfriendly.com', 'Female', 862),
(758, 'Corenda', 'Inkpen', 'cinkpenl1@sciencedaily.com', 'Female', 390),
(759, 'Haley', 'Ruppele', 'hruppelel2@ucsd.edu', 'Male', 888),
(760, 'Seline', 'Dimanche', 'sdimanchel3@ucoz.com', 'Female', 607),
(761, 'Aleta', 'Halfhyde', 'ahalfhydel4@xrea.com', 'Female', 368),
(762, 'Cordy', 'Hasker', 'chaskerl5@psu.edu', 'Male', 664),
(763, 'Carroll', 'Daintier', 'cdaintierl6@redcross.org', 'Male', 452),
(764, 'Nevin', 'Kinsett', 'nkinsettl7@ebay.co.uk', 'Male', 722),
(765, 'Timmie', 'Court', 'tcourtl8@booking.com', 'Non-binary', 967),
(766, 'Kristan', 'Josling', 'kjoslingl9@deviantart.com', 'Female', 892),
(767, 'Kerwinn', 'Scorton', 'kscortonla@de.vu', 'Non-binary', 786),
(768, 'Alvan', 'Nowick', 'anowicklb@jigsy.com', 'Male', 119),
(769, 'Mohandas', 'Hampshaw', 'mhampshawlc@sourceforge.net', 'Male', 801),
(770, 'Clerissa', 'Braime', 'cbraimeld@newsvine.com', 'Female', 53),
(771, 'Craig', 'Ponte', 'cpontele@rakuten.co.jp', 'Male', 300),
(772, 'Kelci', 'Paulot', 'kpaulotlf@redcross.org', 'Female', 27),
(773, 'Judy', 'Sneller', 'jsnellerlg@bbc.co.uk', 'Female', 323),
(774, 'Ulrike', 'Denecamp', 'udenecamplh@telegraph.co.uk', 'Female', 637),
(775, 'Carey', 'Grubey', 'cgrubeyli@nbcnews.com', 'Male', 159),
(776, 'Byram', 'Drogan', 'bdroganlj@de.vu', 'Male', 857),
(777, 'Gabriel', 'Trattles', 'gtrattleslk@opera.com', 'Female', 750),
(778, 'Dav', 'Maffy', 'dmaffyll@technorati.com', 'Male', 134),
(779, 'Pen', 'Le Pruvost', 'plepruvostlm@wordpress.com', 'Male', 71),
(780, 'Kirbie', 'Sergean', 'ksergeanln@addthis.com', 'Female', 842),
(781, 'Ursola', 'Abramowsky', 'uabramowskylo@xrea.com', 'Female', 206),
(782, 'Webb', 'Janssens', 'wjanssenslp@dedecms.com', 'Male', 80),
(783, 'Alejandra', 'Dunnan', 'adunnanlq@ucoz.com', 'Female', 883),
(784, 'Lissy', 'Hanrott', 'lhanrottlr@tuttocitta.it', 'Female', 959),
(785, 'Adelice', 'Cowin', 'acowinls@sphinn.com', 'Female', 258),
(786, 'Rochette', 'Gouldbourn', 'rgouldbournlt@ebay.co.uk', 'Agender', 79),
(787, 'Stephan', 'Nowak', 'snowaklu@icq.com', 'Male', 747),
(788, 'Claudianus', 'Savery', 'csaverylv@weather.com', 'Male', 524),
(789, 'Ogdan', 'Ragdale', 'oragdalelw@answers.com', 'Male', 119),
(790, 'Nixie', 'Hynard', 'nhynardlx@nih.gov', 'Female', 69),
(791, 'Niki', 'Outram', 'noutramly@acquirethisname.com', 'Female', 796),
(792, 'Jacqui', 'Ife', 'jifelz@dagondesign.com', 'Female', 728),
(793, 'Yuma', 'Spoerl', 'yspoerlm0@uol.com.br', 'Male', 671),
(794, 'Donia', 'O\'Mullally', 'domullallym1@livejournal.com', 'Female', 243),
(795, 'Prentice', 'Wadforth', 'pwadforthm2@nature.com', 'Male', 238),
(796, 'Goraud', 'Stife', 'gstifem3@google.com.br', 'Male', 445),
(797, 'Maximilianus', 'Seamons', 'mseamonsm4@wsj.com', 'Male', 673),
(798, 'Jacky', 'Smallsman', 'jsmallsmanm5@netscape.com', 'Male', 863),
(799, 'Lib', 'Biffin', 'lbiffinm6@deviantart.com', 'Female', 23),
(800, 'Godart', 'McCague', 'gmccaguem7@wordpress.com', 'Polygender', 301),
(801, 'Robb', 'Riha', 'rriham8@booking.com', 'Male', 198),
(802, 'Janot', 'Gaskal', 'jgaskalm9@dot.gov', 'Female', 639),
(803, 'Rowen', 'Withey', 'rwitheyma@blogs.com', 'Male', 586),
(804, 'Vinnie', 'McGiff', 'vmcgiffmb@yolasite.com', 'Male', 41),
(805, 'Lilian', 'Bonevant', 'lbonevantmc@gizmodo.com', 'Female', 729),
(806, 'Barny', 'Franies', 'bfraniesmd@comsenz.com', 'Male', 814),
(807, 'Bonny', 'Rafter', 'brafterme@yahoo.com', 'Female', 103),
(808, 'Maurizio', 'Swanton', 'mswantonmf@whitehouse.gov', 'Male', 831),
(809, 'Zorina', 'Aikin', 'zaikinmg@livejournal.com', 'Polygender', 577),
(810, 'Byron', 'Ismirnioglou', 'bismirniogloumh@live.com', 'Male', 227),
(811, 'Eunice', 'Fishpool', 'efishpoolmi@studiopress.com', 'Female', 327),
(812, 'Rhodie', 'Minney', 'rminneymj@umich.edu', 'Female', 39),
(813, 'Christophorus', 'Alcott', 'calcottmk@nhs.uk', 'Male', 154),
(814, 'Cchaddie', 'Galliford', 'cgallifordml@nydailynews.com', 'Male', 582),
(815, 'Denver', 'Hourigan', 'dhouriganmm@instagram.com', 'Genderqueer', 847),
(816, 'Stanton', 'Cardus', 'scardusmn@bizjournals.com', 'Male', 9),
(817, 'Barbie', 'Pitkaithly', 'bpitkaithlymo@xinhuanet.com', 'Female', 267),
(818, 'Angeline', 'Varvell', 'avarvellmp@oakley.com', 'Female', 514),
(819, 'Aluino', 'McGorley', 'amcgorleymq@addthis.com', 'Male', 589),
(820, 'Graeme', 'Thwaite', 'gthwaitemr@freewebs.com', 'Male', 368),
(821, 'Delmore', 'Hariot', 'dhariotms@va.gov', 'Male', 494),
(822, 'Stu', 'Cosby', 'scosbymt@comcast.net', 'Agender', 508),
(823, 'Stewart', 'Aireton', 'sairetonmu@craigslist.org', 'Male', 486),
(824, 'Morganne', 'L\'Amie', 'mlamiemv@nba.com', 'Non-binary', 43),
(825, 'Kara', 'Pogg', 'kpoggmw@mail.ru', 'Female', 499),
(826, 'Rosene', 'Benoist', 'rbenoistmx@wordpress.com', 'Female', 173),
(827, 'Brandise', 'Rawcliffe', 'brawcliffemy@yandex.ru', 'Polygender', 155),
(828, 'Alverta', 'Ghiron', 'aghironmz@cyberchimps.com', 'Female', 660),
(829, 'Ilene', 'Legan', 'ilegann0@house.gov', 'Female', 676),
(830, 'Benedikta', 'Scibsey', 'bscibseyn1@marriott.com', 'Female', 346),
(831, 'Glen', 'Hastie', 'ghastien2@soup.io', 'Male', 546),
(832, 'Garrik', 'Olligan', 'golligann3@taobao.com', 'Male', 320),
(833, 'Kendre', 'Garvie', 'kgarvien4@msu.edu', 'Female', 819),
(834, 'Letta', 'Dent', 'ldentn5@imgur.com', 'Female', 973),
(835, 'Even', 'Haglinton', 'ehaglintonn6@cbslocal.com', 'Male', 385),
(836, 'Carina', 'Strutz', 'cstrutzn7@facebook.com', 'Female', 56),
(837, 'Poul', 'Clay', 'pclayn8@deviantart.com', 'Male', 382),
(838, 'Bruis', 'Revie', 'brevien9@scribd.com', 'Male', 437),
(839, 'Reggi', 'Leathwood', 'rleathwoodna@accuweather.com', 'Female', 769),
(840, 'Margit', 'Colly', 'mcollynb@psu.edu', 'Genderfluid', 719),
(841, 'Adriana', 'Trimble', 'atrimblenc@alibaba.com', 'Female', 500),
(842, 'Gorden', 'Stockow', 'gstockownd@nasa.gov', 'Male', 476),
(843, 'Emmalynne', 'Markey', 'emarkeyne@gnu.org', 'Female', 549),
(844, 'Gaby', 'Groombridge', 'ggroombridgenf@amazon.com', 'Female', 568),
(845, 'Dorey', 'Locks', 'dlocksng@examiner.com', 'Male', 337),
(846, 'Jacob', 'Gurwood', 'jgurwoodnh@linkedin.com', 'Male', 919),
(847, 'Fredric', 'Doneld', 'fdoneldni@indiegogo.com', 'Male', 338),
(848, 'Alexio', 'Mattisson', 'amattissonnj@etsy.com', 'Male', 661),
(849, 'Farica', 'Daubney', 'fdaubneynk@china.com.cn', 'Female', 396),
(850, 'Letta', 'Duffield', 'lduffieldnl@springer.com', 'Polygender', 770),
(851, 'Brigitta', 'Bohea', 'bboheanm@constantcontact.com', 'Female', 892),
(852, 'Tam', 'Geraldini', 'tgeraldininn@cisco.com', 'Male', 668),
(853, 'Evyn', 'Peckitt', 'epeckittno@weibo.com', 'Male', 352),
(854, 'Dorian', 'Colkett', 'dcolkettnp@huffingtonpost.com', 'Female', 188),
(855, 'Shelli', 'Ambrose', 'sambrosenq@auda.org.au', 'Female', 855),
(856, 'Junina', 'Vakhlov', 'jvakhlovnr@ucoz.com', 'Female', 640),
(857, 'Adan', 'Glanville', 'aglanvillens@geocities.jp', 'Male', 965),
(858, 'Sheryl', 'Rutigliano', 'srutiglianont@addtoany.com', 'Female', 595),
(859, 'Isiahi', 'Van Hove', 'ivanhovenu@clickbank.net', 'Male', 472),
(860, 'Rolando', 'Raithby', 'rraithbynv@gnu.org', 'Male', 70),
(861, 'Cele', 'McAster', 'cmcasternw@surveymonkey.com', 'Polygender', 968),
(862, 'Rebeca', 'Marsden', 'rmarsdennx@dmoz.org', 'Female', 157),
(863, 'Annabal', 'Ickovits', 'aickovitsny@nationalgeographic.com', 'Female', 786),
(864, 'Coreen', 'Rickcord', 'crickcordnz@archive.org', 'Female', 534),
(865, 'Willard', 'Parnham', 'wparnhamo0@bbc.co.uk', 'Male', 465),
(866, 'Archibold', 'Manz', 'amanzo1@deviantart.com', 'Male', 172),
(867, 'Orren', 'Melia', 'omeliao2@arstechnica.com', 'Male', 367),
(868, 'Simonne', 'Lasselle', 'slasselleo3@webmd.com', 'Genderfluid', 480),
(869, 'Brear', 'Sinderson', 'bsindersono4@merriam-webster.com', 'Female', 187),
(870, 'Marybeth', 'Kopps', 'mkoppso5@answers.com', 'Female', 393),
(871, 'Florry', 'Finneran', 'ffinnerano6@bloglovin.com', 'Female', 737),
(872, 'Kristofer', 'Smetoun', 'ksmetouno7@yahoo.com', 'Male', 303),
(873, 'Hector', 'Shankster', 'hshankstero8@google.ru', 'Male', 358),
(874, 'Eberhard', 'Mirfield', 'emirfieldo9@amazon.de', 'Male', 20),
(875, 'Evonne', 'Toland', 'etolandoa@tiny.cc', 'Female', 789),
(876, 'Eolande', 'Belleny', 'ebellenyob@goo.gl', 'Female', 704),
(877, 'Audrey', 'Scolland', 'ascollandoc@reference.com', 'Female', 616),
(878, 'Burlie', 'Palphreyman', 'bpalphreymanod@yahoo.co.jp', 'Male', 651),
(879, 'Kane', 'Shinn', 'kshinnoe@jimdo.com', 'Agender', 951),
(880, 'Hans', 'Bitcheno', 'hbitchenoof@odnoklassniki.ru', 'Male', 108),
(881, 'Devina', 'Matus', 'dmatusog@comcast.net', 'Female', 424),
(882, 'Stevana', 'Mell', 'smelloh@oracle.com', 'Female', 692),
(883, 'Peadar', 'Lewknor', 'plewknoroi@vkontakte.ru', 'Male', 767),
(884, 'Christye', 'Lebourn', 'clebournoj@cbsnews.com', 'Female', 17),
(885, 'Darlleen', 'Buist', 'dbuistok@forbes.com', 'Polygender', 493),
(886, 'Englebert', 'Newsome', 'enewsomeol@imageshack.us', 'Bigender', 953),
(887, 'Oby', 'Blonden', 'oblondenom@gmpg.org', 'Male', 164),
(888, 'Hedwig', 'Posnett', 'hposnetton@bloomberg.com', 'Female', 88),
(889, 'Cherish', 'Pavey', 'cpaveyoo@weather.com', 'Female', 323),
(890, 'Fraze', 'Bosence', 'fbosenceop@wix.com', 'Genderfluid', 205),
(891, 'Decca', 'Baus', 'dbausoq@reuters.com', 'Bigender', 889),
(892, 'Darnall', 'Riccioppo', 'driccioppoor@nifty.com', 'Male', 724),
(893, 'Genny', 'Backes', 'gbackesos@hao123.com', 'Female', 937),
(894, 'Cami', 'Toffaloni', 'ctoffaloniot@ycombinator.com', 'Female', 868),
(895, 'Filmore', 'Jiroutek', 'fjiroutekou@ted.com', 'Male', 624),
(896, 'Daisie', 'Woehler', 'dwoehlerov@auda.org.au', 'Female', 68),
(897, 'Sibby', 'Listone', 'slistoneow@google.ca', 'Female', 341),
(898, 'Kipp', 'Rosenblad', 'krosenbladox@amazon.co.jp', 'Male', 183),
(899, 'Alexina', 'Donwell', 'adonwelloy@time.com', 'Female', 588),
(900, 'Lissy', 'Tumilty', 'ltumiltyoz@state.gov', 'Female', 727),
(901, 'May', 'Dederich', 'mdederichp0@sun.com', 'Female', 558),
(902, 'Bertram', 'Bourchier', 'bbourchierp1@narod.ru', 'Male', 751),
(903, 'Burlie', 'Struther', 'bstrutherp2@xinhuanet.com', 'Male', 528),
(904, 'Jakob', 'Fibben', 'jfibbenp3@salon.com', 'Male', 421),
(905, 'Tiffanie', 'Ramsbotham', 'tramsbothamp4@umn.edu', 'Female', 585),
(906, 'Shayne', 'Menichi', 'smenichip5@state.gov', 'Male', 29),
(907, 'Graig', 'Jacson', 'gjacsonp6@soup.io', 'Male', 838),
(908, 'Aloise', 'O\' Lone', 'aolonep7@cam.ac.uk', 'Female', 623),
(909, 'Elvis', 'Tiltman', 'etiltmanp8@imageshack.us', 'Male', 122),
(910, 'Leelah', 'Salsbury', 'lsalsburyp9@networkadvertising.org', 'Female', 116),
(911, 'Corney', 'Raubenheimers', 'craubenheimerspa@stumbleupon.com', 'Male', 646),
(912, 'Sonja', 'Gullis', 'sgullispb@cafepress.com', 'Female', 269),
(913, 'Grannie', 'Tittershill', 'gtittershillpc@discuz.net', 'Male', 649),
(914, 'Chuck', 'Dericot', 'cdericotpd@blogger.com', 'Male', 697),
(915, 'Tull', 'Peckett', 'tpeckettpe@php.net', 'Male', 361),
(916, 'Ketty', 'Gerritsma', 'kgerritsmapf@t-online.de', 'Female', 910),
(917, 'Aldis', 'Sambedge', 'asambedgepg@mlb.com', 'Male', 407),
(918, 'Nicky', 'Westberg', 'nwestbergph@zimbio.com', 'Female', 369),
(919, 'Lionello', 'Simkins', 'lsimkinspi@nsw.gov.au', 'Male', 364),
(920, 'Muire', 'Restall', 'mrestallpj@house.gov', 'Female', 329),
(921, 'Claudie', 'Turfs', 'cturfspk@disqus.com', 'Female', 979),
(922, 'Maureene', 'Newbery', 'mnewberypl@exblog.jp', 'Female', 450),
(923, 'Elladine', 'Heino', 'eheinopm@hc360.com', 'Female', 145),
(924, 'Viviana', 'Dundin', 'vdundinpn@livejournal.com', 'Female', 158),
(925, 'Marjorie', 'Brabin', 'mbrabinpo@cbslocal.com', 'Female', 940),
(926, 'Theodora', 'Aymerich', 'taymerichpp@tripod.com', 'Female', 941),
(927, 'Gualterio', 'Westwick', 'gwestwickpq@sina.com.cn', 'Non-binary', 877),
(928, 'Lucretia', 'Goult', 'lgoultpr@un.org', 'Bigender', 334),
(929, 'Brier', 'Gundrey', 'bgundreyps@studiopress.com', 'Female', 315),
(930, 'Cyb', 'Revens', 'crevenspt@blogtalkradio.com', 'Genderfluid', 686),
(931, 'Bev', 'Gounot', 'bgounotpu@gizmodo.com', 'Male', 311),
(932, 'Karel', 'Cready', 'kcreadypv@redcross.org', 'Male', 535),
(933, 'Bradley', 'Luckett', 'bluckettpw@amazon.co.uk', 'Male', 943),
(934, 'Pattin', 'Skellorne', 'pskellornepx@blogger.com', 'Male', 957),
(935, 'Pearla', 'Leijs', 'pleijspy@noaa.gov', 'Female', 349),
(936, 'Kurt', 'Claypool', 'kclaypoolpz@dot.gov', 'Male', 40),
(937, 'Brina', 'Ronayne', 'bronayneq0@java.com', 'Female', 25),
(938, 'Shanon', 'Wevell', 'swevellq1@angelfire.com', 'Female', 106),
(939, 'Eula', 'Osselton', 'eosseltonq2@yellowpages.com', 'Female', 189),
(940, 'Randell', 'Priden', 'rpridenq3@tumblr.com', 'Male', 853),
(941, 'Eolanda', 'Veighey', 'eveigheyq4@exblog.jp', 'Female', 687),
(942, 'Gerianna', 'Lisett', 'glisettq5@topsy.com', 'Female', 694),
(943, 'Devin', 'Jubert', 'djubertq6@latimes.com', 'Male', 428),
(944, 'Sherill', 'Fulton', 'sfultonq7@biblegateway.com', 'Female', 12),
(945, 'Janina', 'Marley', 'jmarleyq8@ifeng.com', 'Female', 138),
(946, 'Carlen', 'Fawkes', 'cfawkesq9@google.de', 'Female', 336),
(947, 'Ingmar', 'O\'Keevan', 'iokeevanqa@jimdo.com', 'Male', 605),
(948, 'Wye', 'Boothe', 'wbootheqb@ycombinator.com', 'Male', 140),
(949, 'Steward', 'Brashaw', 'sbrashawqc@dropbox.com', 'Male', 592),
(950, 'Nananne', 'Rylance', 'nrylanceqd@pbs.org', 'Female', 204),
(951, 'Fin', 'Huett', 'fhuettqe@myspace.com', 'Male', 826),
(952, 'Rodd', 'Grigolli', 'rgrigolliqf@cafepress.com', 'Male', 663),
(953, 'Priscilla', 'Morse', 'pmorseqg@barnesandnoble.com', 'Female', 141),
(954, 'Seka', 'Royston', 'sroystonqh@wp.com', 'Female', 74),
(955, 'Sasha', 'Fischer', 'sfischerqi@who.int', 'Female', 353),
(956, 'Florentia', 'Antoney', 'fantoneyqj@4shared.com', 'Female', 335),
(957, 'Ravid', 'Jupp', 'rjuppqk@reverbnation.com', 'Male', 284),
(958, 'Martelle', 'Maslen', 'mmaslenql@privacy.gov.au', 'Female', 986),
(959, 'Nomi', 'Josephsen', 'njosephsenqm@twitter.com', 'Female', 190),
(960, 'Tabina', 'Brandham', 'tbrandhamqn@princeton.edu', 'Female', 884),
(961, 'Nelson', 'Nehl', 'nnehlqo@plala.or.jp', 'Male', 897),
(962, 'Analise', 'Langcastle', 'alangcastleqp@seattletimes.com', 'Female', 299),
(963, 'Orlan', 'Stoodley', 'ostoodleyqq@oracle.com', 'Male', 551),
(964, 'Laurice', 'Buxy', 'lbuxyqr@weather.com', 'Female', 101),
(965, 'Galen', 'Connaughton', 'gconnaughtonqs@jimdo.com', 'Non-binary', 422),
(966, 'Fred', 'Edwicker', 'fedwickerqt@army.mil', 'Male', 635),
(967, 'Deane', 'Gerrelts', 'dgerreltsqu@123-reg.co.uk', 'Male', 683),
(968, 'Timothy', 'Yelding', 'tyeldingqv@instagram.com', 'Male', 711),
(969, 'Becka', 'Junkin', 'bjunkinqw@europa.eu', 'Female', 537),
(970, 'Locke', 'de Najera', 'ldenajeraqx@go.com', 'Male', 150),
(971, 'Bebe', 'Bockh', 'bbockhqy@ted.com', 'Female', 921),
(972, 'Shae', 'Le Jean', 'slejeanqz@cocolog-nifty.com', 'Male', 779),
(973, 'Addy', 'Roggieri', 'aroggierir0@dyndns.org', 'Female', 882),
(974, 'Bridgette', 'Charrington', 'bcharringtonr1@barnesandnoble.com', 'Female', 75),
(975, 'Reinhard', 'Moughton', 'rmoughtonr2@cam.ac.uk', 'Male', 562),
(976, 'Honor', 'McKnish', 'hmcknishr3@nyu.edu', 'Female', 165),
(977, 'Derward', 'O\'Mohun', 'domohunr4@smugmug.com', 'Male', 726),
(978, 'Nelle', 'Hamilton', 'nhamiltonr5@hc360.com', 'Female', 653),
(979, 'Berkeley', 'Bush', 'bbushr6@slashdot.org', 'Male', 944),
(980, 'Chicky', 'Nock', 'cnockr7@tinyurl.com', 'Female', 330),
(981, 'Giulia', 'Villa', 'gvillar8@tripod.com', 'Female', 13),
(982, 'Happy', 'Macquire', 'hmacquirer9@timesonline.co.uk', 'Female', 81),
(983, 'Afton', 'Oldacres', 'aoldacresra@1und1.de', 'Female', 342),
(984, 'Prent', 'Braundt', 'pbraundtrb@yahoo.com', 'Male', 237),
(985, 'Salaidh', 'Leaburn', 'sleaburnrc@deliciousdays.com', 'Female', 82),
(986, 'Nita', 'Egginson', 'negginsonrd@bigcartel.com', 'Female', 939),
(987, 'Vivianna', 'Shields', 'vshieldsre@google.co.jp', 'Female', 279),
(988, 'Cindelyn', 'MacDermid', 'cmacdermidrf@engadget.com', 'Female', 575),
(989, 'Byram', 'Broseke', 'bbrosekerg@guardian.co.uk', 'Male', 180),
(990, 'Dagny', 'Maysor', 'dmaysorrh@scientificamerican.com', 'Male', 805),
(991, 'Antonia', 'Penswick', 'apenswickri@cornell.edu', 'Bigender', 2),
(992, 'Hansiain', 'Martinelli', 'hmartinellirj@cargocollective.com', 'Male', 806),
(993, 'Marijo', 'Python', 'mpythonrk@nytimes.com', 'Genderqueer', 42),
(994, 'Tracie', 'Eddisforth', 'teddisforthrl@nhs.uk', 'Female', 905),
(995, 'Ozzie', 'Bingley', 'obingleyrm@instagram.com', 'Male', 895),
(996, 'Merlina', 'Leathwood', 'mleathwoodrn@smugmug.com', 'Female', 324),
(997, 'Nettle', 'Hassen', 'nhassenro@sphinn.com', 'Female', 961),
(998, 'Chase', 'Faudrie', 'cfaudrierp@eventbrite.com', 'Male', 930),
(999, 'Fairlie', 'Wickson', 'fwicksonrq@imageshack.us', 'Male', 942),
(1000, 'Alvera', 'Kaszper', 'akaszperrr@omniture.com', 'Genderfluid', 136);

-- --------------------------------------------------------

--
-- Table structure for table `user`
--

CREATE TABLE `pruebaNov`.`user` (
  `name` varchar(20) NOT NULL,
  `password` varchar(32) NOT NULL
) ENGINE=InnoDB DEFAULT CHARSET=utf8mb4;

--
-- Dumping data for table `user`
--

INSERT INTO `pruebaNov`.`user` (`name`, `password`) VALUES
('inma', 'inma'),
('pepe', 'pepe');

--
-- Indexes for dumped tables
--

--
-- Indexes for table `city`
--
ALTER TABLE `pruebaNov`.`city`
  ADD PRIMARY KEY (`id`);

--
-- Indexes for table `student`
--
ALTER TABLE `pruebaNov`.`student`
  ADD PRIMARY KEY (`id`),
  ADD KEY `city` (`city`);

--
-- Indexes for table `user`
--
ALTER TABLE `pruebaNov`.`user`
  ADD PRIMARY KEY (`name`);

--
-- Constraints for dumped tables
--

--
-- Constraints for table `student`
--
ALTER TABLE `pruebaNov`.`student`
  ADD CONSTRAINT `student_ibfk_1` FOREIGN KEY (`city`) REFERENCES `city` (`id`);
COMMIT;

/*!40101 SET CHARACTER_SET_CLIENT=@OLD_CHARACTER_SET_CLIENT */;
/*!40101 SET CHARACTER_SET_RESULTS=@OLD_CHARACTER_SET_RESULTS */;
/*!40101 SET COLLATION_CONNECTION=@OLD_COLLATION_CONNECTION */;


CREATE USER 'prueba'@'%' IDENTIFIED BY 'prueba';
GRANT ALL PRIVILEGES ON pruebaNov.* to 'prueba'@'%';
